"Benchmark","Mode","Threads","Samples","Score","Score Error (99.9%)","Unit","Param: listSize"
"benchmarks.arrayList.Add.addFirst","avgt",1,20,0.107942,0.000379,"us/op",1
"benchmarks.arrayList.Add.addFirst:·gc.alloc.rate","avgt",1,20,229.645383,0.672391,"MB/sec",1
"benchmarks.arrayList.Add.addFirst:·gc.alloc.rate.norm","avgt",1,20,72.000208,0.000470,"B/op",1
"benchmarks.arrayList.Add.addFirst:·gc.churn.PS_Eden_Space","avgt",1,20,230.189904,7.238915,"MB/sec",1
"benchmarks.arrayList.Add.addFirst:·gc.churn.PS_Eden_Space.norm","avgt",1,20,72.170331,2.242671,"B/op",1
"benchmarks.arrayList.Add.addFirst:·gc.churn.PS_Survivor_Space","avgt",1,20,0.118662,0.028201,"MB/sec",1
"benchmarks.arrayList.Add.addFirst:·gc.churn.PS_Survivor_Space.norm","avgt",1,20,0.037202,0.008827,"B/op",1
"benchmarks.arrayList.Add.addFirst:·gc.count","avgt",1,20,297.000000,NaN,"counts",1
"benchmarks.arrayList.Add.addFirst:·gc.time","avgt",1,20,193.000000,NaN,"ms",1
"benchmarks.arrayList.Add.addFirst","avgt",1,20,0.454560,0.002656,"us/op",3
"benchmarks.arrayList.Add.addFirst:·gc.alloc.rate","avgt",1,20,316.183264,1.475218,"MB/sec",3
"benchmarks.arrayList.Add.addFirst:·gc.alloc.rate.norm","avgt",1,20,272.000568,0.001289,"B/op",3
"benchmarks.arrayList.Add.addFirst:·gc.churn.PS_Eden_Space","avgt",1,20,316.449561,9.745142,"MB/sec",3
"benchmarks.arrayList.Add.addFirst:·gc.churn.PS_Eden_Space.norm","avgt",1,20,272.223291,8.110254,"B/op",3
"benchmarks.arrayList.Add.addFirst:·gc.churn.PS_Survivor_Space","avgt",1,20,0.101989,0.025473,"MB/sec",3
"benchmarks.arrayList.Add.addFirst:·gc.churn.PS_Survivor_Space.norm","avgt",1,20,0.087787,0.022049,"B/op",3
"benchmarks.arrayList.Add.addFirst:·gc.count","avgt",1,20,281.000000,NaN,"counts",3
"benchmarks.arrayList.Add.addFirst:·gc.time","avgt",1,20,186.000000,NaN,"ms",3
"benchmarks.arrayList.Add.addFirst","avgt",1,20,0.800309,0.002671,"us/op",6
"benchmarks.arrayList.Add.addFirst:·gc.alloc.rate","avgt",1,20,450.049553,1.323662,"MB/sec",6
"benchmarks.arrayList.Add.addFirst:·gc.alloc.rate.norm","avgt",1,20,632.000929,0.002101,"B/op",6
"benchmarks.arrayList.Add.addFirst:·gc.churn.PS_Eden_Space","avgt",1,20,453.349121,21.524320,"MB/sec",6
"benchmarks.arrayList.Add.addFirst:·gc.churn.PS_Eden_Space.norm","avgt",1,20,636.665043,30.588460,"B/op",6
"benchmarks.arrayList.Add.addFirst:·gc.churn.PS_Survivor_Space","avgt",1,20,0.089516,0.035237,"MB/sec",6
"benchmarks.arrayList.Add.addFirst:·gc.churn.PS_Survivor_Space.norm","avgt",1,20,0.125790,0.049666,"B/op",6
"benchmarks.arrayList.Add.addFirst:·gc.count","avgt",1,20,273.000000,NaN,"counts",6
"benchmarks.arrayList.Add.addFirst:·gc.time","avgt",1,20,184.000000,NaN,"ms",6
"benchmarks.arrayList.Add.addFirst","avgt",1,20,1.267589,0.006137,"us/op",10
"benchmarks.arrayList.Add.addFirst:·gc.alloc.rate","avgt",1,20,571.844287,2.739924,"MB/sec",10
"benchmarks.arrayList.Add.addFirst:·gc.alloc.rate.norm","avgt",1,20,1224.001413,0.003197,"B/op",10
"benchmarks.arrayList.Add.addFirst:·gc.churn.PS_Eden_Space","avgt",1,20,573.929047,19.462363,"MB/sec",10
"benchmarks.arrayList.Add.addFirst:·gc.churn.PS_Eden_Space.norm","avgt",1,20,1228.441748,40.805508,"B/op",10
"benchmarks.arrayList.Add.addFirst:·gc.churn.PS_Survivor_Space","avgt",1,20,0.098891,0.033108,"MB/sec",10
"benchmarks.arrayList.Add.addFirst:·gc.churn.PS_Survivor_Space.norm","avgt",1,20,0.211660,0.070728,"B/op",10
"benchmarks.arrayList.Add.addFirst:·gc.count","avgt",1,20,271.000000,NaN,"counts",10
"benchmarks.arrayList.Add.addFirst:·gc.time","avgt",1,20,184.000000,NaN,"ms",10
"benchmarks.arrayList.Add.addFirst","avgt",1,20,1.858563,0.008378,"us/op",15
"benchmarks.arrayList.Add.addFirst:·gc.alloc.rate","avgt",1,20,697.964244,2.990826,"MB/sec",15
"benchmarks.arrayList.Add.addFirst:·gc.alloc.rate.norm","avgt",1,20,2144.002024,0.004572,"B/op",15
"benchmarks.arrayList.Add.addFirst:·gc.churn.PS_Eden_Space","avgt",1,20,705.336295,31.400433,"MB/sec",15
"benchmarks.arrayList.Add.addFirst:·gc.churn.PS_Eden_Space.norm","avgt",1,20,2166.596548,94.825237,"B/op",15
"benchmarks.arrayList.Add.addFirst:·gc.churn.PS_Survivor_Space","avgt",1,20,0.087443,0.034510,"MB/sec",15
"benchmarks.arrayList.Add.addFirst:·gc.churn.PS_Survivor_Space.norm","avgt",1,20,0.268810,0.106508,"B/op",15
"benchmarks.arrayList.Add.addFirst:·gc.count","avgt",1,20,268.000000,NaN,"counts",15
"benchmarks.arrayList.Add.addFirst:·gc.time","avgt",1,20,181.000000,NaN,"ms",15
"benchmarks.arrayList.Add.addFirst","avgt",1,20,3.053303,0.012025,"us/op",25
"benchmarks.arrayList.Add.addFirst:·gc.alloc.rate","avgt",1,20,925.127377,3.630034,"MB/sec",25
"benchmarks.arrayList.Add.addFirst:·gc.alloc.rate.norm","avgt",1,20,4584.003284,0.007409,"B/op",25
"benchmarks.arrayList.Add.addFirst:·gc.churn.PS_Eden_Space","avgt",1,20,925.494410,29.075754,"MB/sec",25
"benchmarks.arrayList.Add.addFirst:·gc.churn.PS_Eden_Space.norm","avgt",1,20,4585.770451,141.686145,"B/op",25
"benchmarks.arrayList.Add.addFirst:·gc.churn.PS_Survivor_Space","avgt",1,20,0.092646,0.025872,"MB/sec",25
"benchmarks.arrayList.Add.addFirst:·gc.churn.PS_Survivor_Space.norm","avgt",1,20,0.459300,0.128644,"B/op",25
"benchmarks.arrayList.Add.addFirst:·gc.count","avgt",1,20,289.000000,NaN,"counts",25
"benchmarks.arrayList.Add.addFirst:·gc.time","avgt",1,20,197.000000,NaN,"ms",25
"benchmarks.arrayList.Add.addFirst","avgt",1,20,6.218013,0.021453,"us/op",50
"benchmarks.arrayList.Add.addFirst:·gc.alloc.rate","avgt",1,20,1427.611353,4.957167,"MB/sec",50
"benchmarks.arrayList.Add.addFirst:·gc.alloc.rate.norm","avgt",1,20,14184.006567,0.014825,"B/op",50
"benchmarks.arrayList.Add.addFirst:·gc.churn.PS_Eden_Space","avgt",1,20,1426.290382,52.634417,"MB/sec",50
"benchmarks.arrayList.Add.addFirst:·gc.churn.PS_Eden_Space.norm","avgt",1,20,14170.839217,518.908244,"B/op",50
"benchmarks.arrayList.Add.addFirst:·gc.churn.PS_Survivor_Space","avgt",1,20,0.092660,0.030185,"MB/sec",50
"benchmarks.arrayList.Add.addFirst:·gc.churn.PS_Survivor_Space.norm","avgt",1,20,0.920522,0.299791,"B/op",50
"benchmarks.arrayList.Add.addFirst:·gc.count","avgt",1,20,298.000000,NaN,"counts",50
"benchmarks.arrayList.Add.addFirst:·gc.time","avgt",1,20,203.000000,NaN,"ms",50
"benchmarks.arrayList.Add.addFirst","avgt",1,20,14.332526,0.052790,"us/op",100
"benchmarks.arrayList.Add.addFirst:·gc.alloc.rate","avgt",1,20,2130.774210,7.886263,"MB/sec",100
"benchmarks.arrayList.Add.addFirst:·gc.alloc.rate.norm","avgt",1,20,48384.014961,0.033793,"B/op",100
"benchmarks.arrayList.Add.addFirst:·gc.churn.PS_Eden_Space","avgt",1,20,2130.894612,52.904098,"MB/sec",100
"benchmarks.arrayList.Add.addFirst:·gc.churn.PS_Eden_Space.norm","avgt",1,20,48385.746192,1155.311676,"B/op",100
"benchmarks.arrayList.Add.addFirst:·gc.churn.PS_Survivor_Space","avgt",1,20,0.095780,0.025165,"MB/sec",100
"benchmarks.arrayList.Add.addFirst:·gc.churn.PS_Survivor_Space.norm","avgt",1,20,2.175041,0.573115,"B/op",100
"benchmarks.arrayList.Add.addFirst:·gc.count","avgt",1,20,292.000000,NaN,"counts",100
"benchmarks.arrayList.Add.addFirst:·gc.time","avgt",1,20,201.000000,NaN,"ms",100
"benchmarks.arrayList.Add.addFirst","avgt",1,20,1102.324202,2.570352,"us/op",1000
"benchmarks.arrayList.Add.addFirst:·gc.alloc.rate","avgt",1,20,2353.382775,5.521568,"MB/sec",1000
"benchmarks.arrayList.Add.addFirst:·gc.alloc.rate.norm","avgt",1,20,4083985.148510,2.596951,"B/op",1000
"benchmarks.arrayList.Add.addFirst:·gc.churn.PS_Eden_Space","avgt",1,20,2354.532456,54.719938,"MB/sec",1000
"benchmarks.arrayList.Add.addFirst:·gc.churn.PS_Eden_Space.norm","avgt",1,20,4086065.589634,97334.950270,"B/op",1000
"benchmarks.arrayList.Add.addFirst:·gc.churn.PS_Survivor_Space","avgt",1,20,0.111331,0.028270,"MB/sec",1000
"benchmarks.arrayList.Add.addFirst:·gc.churn.PS_Survivor_Space.norm","avgt",1,20,193.178021,49.044949,"B/op",1000
"benchmarks.arrayList.Add.addFirst:·gc.count","avgt",1,20,302.000000,NaN,"counts",1000
"benchmarks.arrayList.Add.addFirst:·gc.time","avgt",1,20,204.000000,NaN,"ms",1000
"benchmarks.arrayList.Add.addFirstAddLast","avgt",1,20,0.090691,0.000129,"us/op",1
"benchmarks.arrayList.Add.addFirstAddLast:·gc.alloc.rate","avgt",1,20,0.000663,0.001502,"MB/sec",1
"benchmarks.arrayList.Add.addFirstAddLast:·gc.alloc.rate.norm","avgt",1,20,0.000189,0.000429,"B/op",1
"benchmarks.arrayList.Add.addFirstAddLast:·gc.count","avgt",1,20,0.000000,NaN,"counts",1
"benchmarks.arrayList.Add.addFirstAddLast","avgt",1,20,0.228327,0.001687,"us/op",3
"benchmarks.arrayList.Add.addFirstAddLast:·gc.alloc.rate","avgt",1,20,333.862570,2.124186,"MB/sec",3
"benchmarks.arrayList.Add.addFirstAddLast:·gc.alloc.rate.norm","avgt",1,20,168.000333,0.000754,"B/op",3
"benchmarks.arrayList.Add.addFirstAddLast:·gc.churn.PS_Eden_Space","avgt",1,20,333.627563,9.742197,"MB/sec",3
"benchmarks.arrayList.Add.addFirstAddLast:·gc.churn.PS_Eden_Space.norm","avgt",1,20,167.900442,5.263745,"B/op",3
"benchmarks.arrayList.Add.addFirstAddLast:·gc.churn.PS_Survivor_Space","avgt",1,20,0.094737,0.027808,"MB/sec",3
"benchmarks.arrayList.Add.addFirstAddLast:·gc.churn.PS_Survivor_Space.norm","avgt",1,20,0.047686,0.014040,"B/op",3
"benchmarks.arrayList.Add.addFirstAddLast:·gc.count","avgt",1,20,288.000000,NaN,"counts",3
"benchmarks.arrayList.Add.addFirstAddLast:·gc.time","avgt",1,20,192.000000,NaN,"ms",3
"benchmarks.arrayList.Add.addFirstAddLast","avgt",1,20,0.685591,0.003336,"us/op",6
"benchmarks.arrayList.Add.addFirstAddLast:·gc.alloc.rate","avgt",1,20,515.532058,2.353821,"MB/sec",6
"benchmarks.arrayList.Add.addFirstAddLast:·gc.alloc.rate.norm","avgt",1,20,632.000818,0.001861,"B/op",6
"benchmarks.arrayList.Add.addFirstAddLast:·gc.churn.PS_Eden_Space","avgt",1,20,517.796960,21.846426,"MB/sec",6
"benchmarks.arrayList.Add.addFirstAddLast:·gc.churn.PS_Eden_Space.norm","avgt",1,20,634.794639,26.823482,"B/op",6
"benchmarks.arrayList.Add.addFirstAddLast:·gc.churn.PS_Survivor_Space","avgt",1,20,0.084325,0.028421,"MB/sec",6
"benchmarks.arrayList.Add.addFirstAddLast:·gc.churn.PS_Survivor_Space.norm","avgt",1,20,0.103476,0.035062,"B/op",6
"benchmarks.arrayList.Add.addFirstAddLast:·gc.count","avgt",1,20,266.000000,NaN,"counts",6
"benchmarks.arrayList.Add.addFirstAddLast:·gc.time","avgt",1,20,178.000000,NaN,"ms",6
"benchmarks.arrayList.Add.addFirstAddLast","avgt",1,20,1.085009,0.004113,"us/op",10
"benchmarks.arrayList.Add.addFirstAddLast:·gc.alloc.rate","avgt",1,20,659.660594,2.650335,"MB/sec",10
"benchmarks.arrayList.Add.addFirstAddLast:·gc.alloc.rate.norm","avgt",1,20,1224.001237,0.002809,"B/op",10
"benchmarks.arrayList.Add.addFirstAddLast:·gc.churn.PS_Eden_Space","avgt",1,20,662.301323,20.358505,"MB/sec",10
"benchmarks.arrayList.Add.addFirstAddLast:·gc.churn.PS_Eden_Space.norm","avgt",1,20,1228.907918,37.597338,"B/op",10
"benchmarks.arrayList.Add.addFirstAddLast:·gc.churn.PS_Survivor_Space","avgt",1,20,0.080163,0.029495,"MB/sec",10
"benchmarks.arrayList.Add.addFirstAddLast:·gc.churn.PS_Survivor_Space.norm","avgt",1,20,0.148615,0.054355,"B/op",10
"benchmarks.arrayList.Add.addFirstAddLast:·gc.count","avgt",1,20,260.000000,NaN,"counts",10
"benchmarks.arrayList.Add.addFirstAddLast:·gc.time","avgt",1,20,177.000000,NaN,"ms",10
"benchmarks.arrayList.Add.addFirstAddLast","avgt",1,20,1.434232,0.009088,"us/op",15
"benchmarks.arrayList.Add.addFirstAddLast:·gc.alloc.rate","avgt",1,20,808.943783,5.101921,"MB/sec",15
"benchmarks.arrayList.Add.addFirstAddLast:·gc.alloc.rate.norm","avgt",1,20,1944.001602,0.003642,"B/op",15
"benchmarks.arrayList.Add.addFirstAddLast:·gc.churn.PS_Eden_Space","avgt",1,20,813.856562,25.103688,"MB/sec",15
"benchmarks.arrayList.Add.addFirstAddLast:·gc.churn.PS_Eden_Space.norm","avgt",1,20,1955.782098,58.468527,"B/op",15
"benchmarks.arrayList.Add.addFirstAddLast:·gc.churn.PS_Survivor_Space","avgt",1,20,0.107210,0.025749,"MB/sec",15
"benchmarks.arrayList.Add.addFirstAddLast:·gc.churn.PS_Survivor_Space.norm","avgt",1,20,0.257681,0.062056,"B/op",15
"benchmarks.arrayList.Add.addFirstAddLast:·gc.count","avgt",1,20,290.000000,NaN,"counts",15
"benchmarks.arrayList.Add.addFirstAddLast:·gc.time","avgt",1,20,196.000000,NaN,"ms",15
"benchmarks.arrayList.Add.addFirstAddLast","avgt",1,20,2.407097,0.014076,"us/op",25
"benchmarks.arrayList.Add.addFirstAddLast:·gc.alloc.rate","avgt",1,20,1093.606973,6.131290,"MB/sec",25
"benchmarks.arrayList.Add.addFirstAddLast:·gc.alloc.rate.norm","avgt",1,20,4304.002637,0.005997,"B/op",25
"benchmarks.arrayList.Add.addFirstAddLast:·gc.churn.PS_Eden_Space","avgt",1,20,1094.420118,25.905282,"MB/sec",25
"benchmarks.arrayList.Add.addFirstAddLast:·gc.churn.PS_Eden_Space.norm","avgt",1,20,4307.164245,97.583154,"B/op",25
"benchmarks.arrayList.Add.addFirstAddLast:·gc.churn.PS_Survivor_Space","avgt",1,20,0.107237,0.026418,"MB/sec",25
"benchmarks.arrayList.Add.addFirstAddLast:·gc.churn.PS_Survivor_Space.norm","avgt",1,20,0.422039,0.103617,"B/op",25
"benchmarks.arrayList.Add.addFirstAddLast:·gc.count","avgt",1,20,296.000000,NaN,"counts",25
"benchmarks.arrayList.Add.addFirstAddLast:·gc.time","avgt",1,20,203.000000,NaN,"ms",25
"benchmarks.arrayList.Add.addFirstAddLast","avgt",1,20,5.081534,0.026567,"us/op",50
"benchmarks.arrayList.Add.addFirstAddLast:·gc.alloc.rate","avgt",1,20,1741.460793,9.292660,"MB/sec",50
"benchmarks.arrayList.Add.addFirstAddLast:·gc.alloc.rate.norm","avgt",1,20,14184.005421,0.012308,"B/op",50
"benchmarks.arrayList.Add.addFirstAddLast:·gc.churn.PS_Eden_Space","avgt",1,20,1743.900926,56.430043,"MB/sec",50
"benchmarks.arrayList.Add.addFirstAddLast:·gc.churn.PS_Eden_Space.norm","avgt",1,20,14203.419224,443.739377,"B/op",50
"benchmarks.arrayList.Add.addFirstAddLast:·gc.churn.PS_Survivor_Space","avgt",1,20,0.093666,0.025907,"MB/sec",50
"benchmarks.arrayList.Add.addFirstAddLast:·gc.churn.PS_Survivor_Space.norm","avgt",1,20,0.763360,0.212480,"B/op",50
"benchmarks.arrayList.Add.addFirstAddLast:·gc.count","avgt",1,20,298.000000,NaN,"counts",50
"benchmarks.arrayList.Add.addFirstAddLast:·gc.time","avgt",1,20,203.000000,NaN,"ms",50
"benchmarks.arrayList.Add.addFirstAddLast","avgt",1,20,12.283707,0.073696,"us/op",100
"benchmarks.arrayList.Add.addFirstAddLast:·gc.alloc.rate","avgt",1,20,2483.853231,15.111087,"MB/sec",100
"benchmarks.arrayList.Add.addFirstAddLast:·gc.alloc.rate.norm","avgt",1,20,48384.012997,0.029559,"B/op",100
"benchmarks.arrayList.Add.addFirstAddLast:·gc.churn.PS_Eden_Space","avgt",1,20,2486.369764,61.906212,"MB/sec",100
"benchmarks.arrayList.Add.addFirstAddLast:·gc.churn.PS_Eden_Space.norm","avgt",1,20,48435.453379,1247.080534,"B/op",100
"benchmarks.arrayList.Add.addFirstAddLast:·gc.churn.PS_Survivor_Space","avgt",1,20,0.091609,0.031811,"MB/sec",100
"benchmarks.arrayList.Add.addFirstAddLast:·gc.churn.PS_Survivor_Space.norm","avgt",1,20,1.785874,0.622437,"B/op",100
"benchmarks.arrayList.Add.addFirstAddLast:·gc.count","avgt",1,20,306.000000,NaN,"counts",100
"benchmarks.arrayList.Add.addFirstAddLast:·gc.time","avgt",1,20,206.000000,NaN,"ms",100
"benchmarks.arrayList.Add.addFirstAddLast","avgt",1,20,1068.976785,10.013684,"us/op",1000
"benchmarks.arrayList.Add.addFirstAddLast:·gc.alloc.rate","avgt",1,20,2427.087688,23.630217,"MB/sec",1000
"benchmarks.arrayList.Add.addFirstAddLast:·gc.alloc.rate.norm","avgt",1,20,4083985.118185,2.542230,"B/op",1000
"benchmarks.arrayList.Add.addFirstAddLast:·gc.churn.PS_Eden_Space","avgt",1,20,2429.265215,69.240051,"MB/sec",1000
"benchmarks.arrayList.Add.addFirstAddLast:·gc.churn.PS_Eden_Space.norm","avgt",1,20,4087712.601549,111753.017523,"B/op",1000
"benchmarks.arrayList.Add.addFirstAddLast:·gc.churn.PS_Survivor_Space","avgt",1,20,0.093670,0.031310,"MB/sec",1000
"benchmarks.arrayList.Add.addFirstAddLast:·gc.churn.PS_Survivor_Space.norm","avgt",1,20,157.905846,53.251866,"B/op",1000
"benchmarks.arrayList.Add.addFirstAddLast:·gc.count","avgt",1,20,280.000000,NaN,"counts",1000
"benchmarks.arrayList.Add.addFirstAddLast:·gc.time","avgt",1,20,197.000000,NaN,"ms",1000
"benchmarks.arrayList.Add.addLast","avgt",1,20,0.109127,0.001680,"us/op",1
"benchmarks.arrayList.Add.addLast:·gc.alloc.rate","avgt",1,20,227.892503,1.909593,"MB/sec",1
"benchmarks.arrayList.Add.addLast:·gc.alloc.rate.norm","avgt",1,20,72.000207,0.000466,"B/op",1
"benchmarks.arrayList.Add.addLast:·gc.churn.PS_Eden_Space","avgt",1,20,227.523468,4.812964,"MB/sec",1
"benchmarks.arrayList.Add.addLast:·gc.churn.PS_Eden_Space.norm","avgt",1,20,71.883736,1.404699,"B/op",1
"benchmarks.arrayList.Add.addLast:·gc.churn.PS_Survivor_Space","avgt",1,20,0.116602,0.024472,"MB/sec",1
"benchmarks.arrayList.Add.addLast:·gc.churn.PS_Survivor_Space.norm","avgt",1,20,0.036814,0.007620,"B/op",1
"benchmarks.arrayList.Add.addLast:·gc.count","avgt",1,20,290.000000,NaN,"counts",1
"benchmarks.arrayList.Add.addLast:·gc.time","avgt",1,20,186.000000,NaN,"ms",1
"benchmarks.arrayList.Add.addLast","avgt",1,20,0.242795,0.001297,"us/op",3
"benchmarks.arrayList.Add.addLast:·gc.alloc.rate","avgt",1,20,516.134756,2.298473,"MB/sec",3
"benchmarks.arrayList.Add.addLast:·gc.alloc.rate.norm","avgt",1,20,272.000349,0.000793,"B/op",3
"benchmarks.arrayList.Add.addLast:·gc.churn.PS_Eden_Space","avgt",1,20,514.114191,17.767119,"MB/sec",3
"benchmarks.arrayList.Add.addLast:·gc.churn.PS_Eden_Space.norm","avgt",1,20,270.952231,9.670648,"B/op",3
"benchmarks.arrayList.Add.addLast:·gc.churn.PS_Survivor_Space","avgt",1,20,0.099944,0.024608,"MB/sec",3
"benchmarks.arrayList.Add.addLast:·gc.churn.PS_Survivor_Space.norm","avgt",1,20,0.052691,0.013047,"B/op",3
"benchmarks.arrayList.Add.addLast:·gc.count","avgt",1,20,286.000000,NaN,"counts",3
"benchmarks.arrayList.Add.addLast:·gc.time","avgt",1,20,194.000000,NaN,"ms",3
"benchmarks.arrayList.Add.addLast","avgt",1,20,0.400727,0.001753,"us/op",6
"benchmarks.arrayList.Add.addLast:·gc.alloc.rate","avgt",1,20,815.626990,3.233581,"MB/sec",6
"benchmarks.arrayList.Add.addLast:·gc.alloc.rate.norm","avgt",1,20,632.000510,0.001150,"B/op",6
"benchmarks.arrayList.Add.addLast:·gc.churn.PS_Eden_Space","avgt",1,20,817.931406,20.004675,"MB/sec",6
"benchmarks.arrayList.Add.addLast:·gc.churn.PS_Eden_Space.norm","avgt",1,20,633.771301,14.835586,"B/op",6
"benchmarks.arrayList.Add.addLast:·gc.churn.PS_Survivor_Space","avgt",1,20,0.082251,0.029022,"MB/sec",6
"benchmarks.arrayList.Add.addLast:·gc.churn.PS_Survivor_Space.norm","avgt",1,20,0.063730,0.022460,"B/op",6
"benchmarks.arrayList.Add.addLast:·gc.count","avgt",1,20,296.000000,NaN,"counts",6
"benchmarks.arrayList.Add.addLast:·gc.time","avgt",1,20,198.000000,NaN,"ms",6
"benchmarks.arrayList.Add.addLast","avgt",1,20,0.603292,0.002629,"us/op",10
"benchmarks.arrayList.Add.addLast:·gc.alloc.rate","avgt",1,20,1117.830351,4.364475,"MB/sec",10
"benchmarks.arrayList.Add.addLast:·gc.alloc.rate.norm","avgt",1,20,1224.000723,0.001635,"B/op",10
"benchmarks.arrayList.Add.addLast:·gc.churn.PS_Eden_Space","avgt",1,20,1120.485425,42.949211,"MB/sec",10
"benchmarks.arrayList.Add.addLast:·gc.churn.PS_Eden_Space.norm","avgt",1,20,1226.865724,45.808901,"B/op",10
"benchmarks.arrayList.Add.addLast:·gc.churn.PS_Survivor_Space","avgt",1,20,0.090577,0.031744,"MB/sec",10
"benchmarks.arrayList.Add.addLast:·gc.churn.PS_Survivor_Space.norm","avgt",1,20,0.099235,0.034849,"B/op",10
"benchmarks.arrayList.Add.addLast:·gc.count","avgt",1,20,288.000000,NaN,"counts",10
"benchmarks.arrayList.Add.addLast:·gc.time","avgt",1,20,197.000000,NaN,"ms",10
"benchmarks.arrayList.Add.addLast","avgt",1,20,0.870485,0.004091,"us/op",15
"benchmarks.arrayList.Add.addLast:·gc.alloc.rate","avgt",1,20,1413.001904,6.338281,"MB/sec",15
"benchmarks.arrayList.Add.addLast:·gc.alloc.rate.norm","avgt",1,20,2144.001001,0.002252,"B/op",15
"benchmarks.arrayList.Add.addLast:·gc.churn.PS_Eden_Space","avgt",1,20,1411.929092,32.322773,"MB/sec",15
"benchmarks.arrayList.Add.addLast:·gc.churn.PS_Eden_Space.norm","avgt",1,20,2142.373050,48.082447,"B/op",15
"benchmarks.arrayList.Add.addLast:·gc.churn.PS_Survivor_Space","avgt",1,20,0.099940,0.030807,"MB/sec",15
"benchmarks.arrayList.Add.addLast:·gc.churn.PS_Survivor_Space.norm","avgt",1,20,0.151729,0.047022,"B/op",15
"benchmarks.arrayList.Add.addLast:·gc.count","avgt",1,20,297.000000,NaN,"counts",15
"benchmarks.arrayList.Add.addLast:·gc.time","avgt",1,20,202.000000,NaN,"ms",15
"benchmarks.arrayList.Add.addLast","avgt",1,20,1.638007,0.340233,"us/op",25
"benchmarks.arrayList.Add.addLast:·gc.alloc.rate","avgt",1,20,1739.399920,266.599546,"MB/sec",25
"benchmarks.arrayList.Add.addLast:·gc.alloc.rate.norm","avgt",1,20,4584.001681,0.003570,"B/op",25
"benchmarks.arrayList.Add.addLast:·gc.churn.PS_Eden_Space","avgt",1,20,1734.323475,279.999305,"MB/sec",25
"benchmarks.arrayList.Add.addLast:·gc.churn.PS_Eden_Space.norm","avgt",1,20,4564.465397,155.720937,"B/op",25
"benchmarks.arrayList.Add.addLast:·gc.churn.PS_Survivor_Space","avgt",1,20,0.088466,0.033120,"MB/sec",25
"benchmarks.arrayList.Add.addLast:·gc.churn.PS_Survivor_Space.norm","avgt",1,20,0.229322,0.078426,"B/op",25
"benchmarks.arrayList.Add.addLast:·gc.count","avgt",1,20,274.000000,NaN,"counts",25
"benchmarks.arrayList.Add.addLast:·gc.time","avgt",1,20,202.000000,NaN,"ms",25
"benchmarks.arrayList.Add.addLast","avgt",1,20,3.568586,0.279837,"us/op",50
"benchmarks.arrayList.Add.addLast:·gc.alloc.rate","avgt",1,20,2467.165287,167.921401,"MB/sec",50
"benchmarks.arrayList.Add.addLast:·gc.alloc.rate.norm","avgt",1,20,14184.003762,0.008386,"B/op",50
"benchmarks.arrayList.Add.addLast:·gc.churn.PS_Eden_Space","avgt",1,20,2474.134338,198.447371,"MB/sec",50
"benchmarks.arrayList.Add.addLast:·gc.churn.PS_Eden_Space.norm","avgt",1,20,14218.797072,493.171270,"B/op",50
"benchmarks.arrayList.Add.addLast:·gc.churn.PS_Survivor_Space","avgt",1,20,0.059329,0.022920,"MB/sec",50
"benchmarks.arrayList.Add.addLast:·gc.churn.PS_Survivor_Space.norm","avgt",1,20,0.347656,0.143281,"B/op",50
"benchmarks.arrayList.Add.addLast:·gc.count","avgt",1,20,203.000000,NaN,"counts",50
"benchmarks.arrayList.Add.addLast:·gc.time","avgt",1,20,192.000000,NaN,"ms",50
"benchmarks.arrayList.Add.addLast","avgt",1,20,9.235117,0.361692,"us/op",100
"benchmarks.arrayList.Add.addLast:·gc.alloc.rate","avgt",1,20,3295.344465,123.768272,"MB/sec",100
"benchmarks.arrayList.Add.addLast:·gc.alloc.rate.norm","avgt",1,20,48384.009723,0.022025,"B/op",100
"benchmarks.arrayList.Add.addLast:·gc.churn.PS_Eden_Space","avgt",1,20,3302.367107,161.528417,"MB/sec",100
"benchmarks.arrayList.Add.addLast:·gc.churn.PS_Eden_Space.norm","avgt",1,20,48488.487288,1575.644314,"B/op",100
"benchmarks.arrayList.Add.addLast:·gc.churn.PS_Survivor_Space","avgt",1,20,0.062456,0.026879,"MB/sec",100
"benchmarks.arrayList.Add.addLast:·gc.churn.PS_Survivor_Space.norm","avgt",1,20,0.920346,0.394953,"B/op",100
"benchmarks.arrayList.Add.addLast:·gc.count","avgt",1,20,216.000000,NaN,"counts",100
"benchmarks.arrayList.Add.addLast:·gc.time","avgt",1,20,244.000000,NaN,"ms",100
"benchmarks.arrayList.Add.addLast","avgt",1,20,1066.280710,17.464141,"us/op",1000
"benchmarks.arrayList.Add.addLast:·gc.alloc.rate","avgt",1,20,2433.279143,41.088743,"MB/sec",1000
"benchmarks.arrayList.Add.addLast:·gc.alloc.rate.norm","avgt",1,20,4083985.111733,2.522524,"B/op",1000
"benchmarks.arrayList.Add.addLast:·gc.churn.PS_Eden_Space","avgt",1,20,2436.587567,114.062584,"MB/sec",1000
"benchmarks.arrayList.Add.addLast:·gc.churn.PS_Eden_Space.norm","avgt",1,20,4088753.446874,164502.804467,"B/op",1000
"benchmarks.arrayList.Add.addLast:·gc.churn.PS_Survivor_Space","avgt",1,20,0.058254,0.026605,"MB/sec",1000
"benchmarks.arrayList.Add.addLast:·gc.churn.PS_Survivor_Space.norm","avgt",1,20,97.815463,44.720185,"B/op",1000
"benchmarks.arrayList.Add.addLast:·gc.count","avgt",1,20,215.000000,NaN,"counts",1000
"benchmarks.arrayList.Add.addLast:·gc.time","avgt",1,20,193.000000,NaN,"ms",1000
"benchmarks.arrayList.AddRemove.addFirstRemoveFirst","avgt",1,20,0.033198,0.003204,"us/op",1
"benchmarks.arrayList.AddRemove.addFirstRemoveFirst:·gc.alloc.rate","avgt",1,20,2320.845966,191.632792,"MB/sec",1
"benchmarks.arrayList.AddRemove.addFirstRemoveFirst:·gc.alloc.rate.norm","avgt",1,20,120.000035,0.000080,"B/op",1
"benchmarks.arrayList.AddRemove.addFirstRemoveFirst:·gc.churn.PS_Eden_Space","avgt",1,20,2317.188489,219.666343,"MB/sec",1
"benchmarks.arrayList.AddRemove.addFirstRemoveFirst:·gc.churn.PS_Eden_Space.norm","avgt",1,20,119.756212,4.512267,"B/op",1
"benchmarks.arrayList.AddRemove.addFirstRemoveFirst:·gc.churn.PS_Survivor_Space","avgt",1,20,0.055150,0.015810,"MB/sec",1
"benchmarks.arrayList.AddRemove.addFirstRemoveFirst:·gc.churn.PS_Survivor_Space.norm","avgt",1,20,0.002844,0.000781,"B/op",1
"benchmarks.arrayList.AddRemove.addFirstRemoveFirst:·gc.count","avgt",1,20,201.000000,NaN,"counts",1
"benchmarks.arrayList.AddRemove.addFirstRemoveFirst:·gc.time","avgt",1,20,201.000000,NaN,"ms",1
"benchmarks.arrayList.AddRemove.addFirstRemoveFirst","avgt",1,20,0.267543,0.007961,"us/op",3
"benchmarks.arrayList.AddRemove.addFirstRemoveFirst:·gc.alloc.rate","avgt",1,20,1198.684060,34.262293,"MB/sec",3
"benchmarks.arrayList.AddRemove.addFirstRemoveFirst:·gc.alloc.rate.norm","avgt",1,20,504.000285,0.000654,"B/op",3
"benchmarks.arrayList.AddRemove.addFirstRemoveFirst:·gc.churn.PS_Eden_Space","avgt",1,20,1200.471611,60.844859,"MB/sec",3
"benchmarks.arrayList.AddRemove.addFirstRemoveFirst:·gc.churn.PS_Eden_Space.norm","avgt",1,20,504.743482,20.617700,"B/op",3
"benchmarks.arrayList.AddRemove.addFirstRemoveFirst:·gc.churn.PS_Survivor_Space","avgt",1,20,0.070782,0.023759,"MB/sec",3
"benchmarks.arrayList.AddRemove.addFirstRemoveFirst:·gc.churn.PS_Survivor_Space.norm","avgt",1,20,0.029927,0.010396,"B/op",3
"benchmarks.arrayList.AddRemove.addFirstRemoveFirst:·gc.count","avgt",1,20,226.000000,NaN,"counts",3
"benchmarks.arrayList.AddRemove.addFirstRemoveFirst:·gc.time","avgt",1,20,187.000000,NaN,"ms",3
"benchmarks.arrayList.AddRemove.addFirstRemoveFirst","avgt",1,20,0.645147,0.046474,"us/op",6
"benchmarks.arrayList.AddRemove.addFirstRemoveFirst:·gc.alloc.rate","avgt",1,20,1189.141639,75.899901,"MB/sec",6
"benchmarks.arrayList.AddRemove.addFirstRemoveFirst:·gc.alloc.rate.norm","avgt",1,20,1200.000654,0.001447,"B/op",6
"benchmarks.arrayList.AddRemove.addFirstRemoveFirst:·gc.churn.PS_Eden_Space","avgt",1,20,1191.146077,103.164810,"MB/sec",6
"benchmarks.arrayList.AddRemove.addFirstRemoveFirst:·gc.churn.PS_Eden_Space.norm","avgt",1,20,1201.317089,59.432998,"B/op",6
"benchmarks.arrayList.AddRemove.addFirstRemoveFirst:·gc.churn.PS_Survivor_Space","avgt",1,20,0.068699,0.022800,"MB/sec",6
"benchmarks.arrayList.AddRemove.addFirstRemoveFirst:·gc.churn.PS_Survivor_Space.norm","avgt",1,20,0.069417,0.022301,"B/op",6
"benchmarks.arrayList.AddRemove.addFirstRemoveFirst:·gc.count","avgt",1,20,216.000000,NaN,"counts",6
"benchmarks.arrayList.AddRemove.addFirstRemoveFirst:·gc.time","avgt",1,20,184.000000,NaN,"ms",6
"benchmarks.arrayList.AddRemove.addFirstRemoveFirst","avgt",1,20,1.285592,0.041960,"us/op",10
"benchmarks.arrayList.AddRemove.addFirstRemoveFirst:·gc.alloc.rate","avgt",1,20,1227.445451,37.258159,"MB/sec",10
"benchmarks.arrayList.AddRemove.addFirstRemoveFirst:·gc.alloc.rate.norm","avgt",1,20,2480.001333,0.003011,"B/op",10
"benchmarks.arrayList.AddRemove.addFirstRemoveFirst:·gc.churn.PS_Eden_Space","avgt",1,20,1222.007868,99.018493,"MB/sec",10
"benchmarks.arrayList.AddRemove.addFirstRemoveFirst:·gc.churn.PS_Eden_Space.norm","avgt",1,20,2469.661071,187.000254,"B/op",10
"benchmarks.arrayList.AddRemove.addFirstRemoveFirst:·gc.churn.PS_Survivor_Space","avgt",1,20,0.078044,0.030965,"MB/sec",10
"benchmarks.arrayList.AddRemove.addFirstRemoveFirst:·gc.churn.PS_Survivor_Space.norm","avgt",1,20,0.158080,0.062250,"B/op",10
"benchmarks.arrayList.AddRemove.addFirstRemoveFirst:·gc.count","avgt",1,20,221.000000,NaN,"counts",10
"benchmarks.arrayList.AddRemove.addFirstRemoveFirst:·gc.time","avgt",1,20,192.000000,NaN,"ms",10
"benchmarks.arrayList.AddRemove.addFirstRemoveFirst","avgt",1,20,2.188135,0.136938,"us/op",15
"benchmarks.arrayList.AddRemove.addFirstRemoveFirst:·gc.alloc.rate","avgt",1,20,1365.517421,77.447561,"MB/sec",15
"benchmarks.arrayList.AddRemove.addFirstRemoveFirst:·gc.alloc.rate.norm","avgt",1,20,4680.002395,0.005635,"B/op",15
"benchmarks.arrayList.AddRemove.addFirstRemoveFirst:·gc.churn.PS_Eden_Space","avgt",1,20,1357.244921,99.924052,"MB/sec",15
"benchmarks.arrayList.AddRemove.addFirstRemoveFirst:·gc.churn.PS_Eden_Space.norm","avgt",1,20,4650.482482,193.680384,"B/op",15
"benchmarks.arrayList.AddRemove.addFirstRemoveFirst:·gc.churn.PS_Survivor_Space","avgt",1,20,0.068697,0.024258,"MB/sec",15
"benchmarks.arrayList.AddRemove.addFirstRemoveFirst:·gc.churn.PS_Survivor_Space.norm","avgt",1,20,0.234959,0.078957,"B/op",15
"benchmarks.arrayList.AddRemove.addFirstRemoveFirst:·gc.count","avgt",1,20,220.000000,NaN,"counts",15
"benchmarks.arrayList.AddRemove.addFirstRemoveFirst:·gc.time","avgt",1,20,181.000000,NaN,"ms",15
"benchmarks.arrayList.AddRemove.addFirstRemoveFirst","avgt",1,20,5.269218,0.379716,"us/op",25
"benchmarks.arrayList.AddRemove.addFirstRemoveFirst:·gc.alloc.rate","avgt",1,20,1309.844042,78.911082,"MB/sec",25
"benchmarks.arrayList.AddRemove.addFirstRemoveFirst:·gc.alloc.rate.norm","avgt",1,20,10800.005510,0.012520,"B/op",25
"benchmarks.arrayList.AddRemove.addFirstRemoveFirst:·gc.churn.PS_Eden_Space","avgt",1,20,1307.269448,92.183447,"MB/sec",25
"benchmarks.arrayList.AddRemove.addFirstRemoveFirst:·gc.churn.PS_Eden_Space.norm","avgt",1,20,10777.633064,364.917081,"B/op",25
"benchmarks.arrayList.AddRemove.addFirstRemoveFirst:·gc.churn.PS_Survivor_Space","avgt",1,20,0.084318,0.026543,"MB/sec",25
"benchmarks.arrayList.AddRemove.addFirstRemoveFirst:·gc.churn.PS_Survivor_Space.norm","avgt",1,20,0.696247,0.213415,"B/op",25
"benchmarks.arrayList.AddRemove.addFirstRemoveFirst:·gc.count","avgt",1,20,232.000000,NaN,"counts",25
"benchmarks.arrayList.AddRemove.addFirstRemoveFirst:·gc.time","avgt",1,20,186.000000,NaN,"ms",25
"benchmarks.arrayList.AddRemove.addFirstRemoveFirst","avgt",1,20,17.458281,1.749806,"us/op",50
"benchmarks.arrayList.AddRemove.addFirstRemoveFirst:·gc.alloc.rate","avgt",1,20,1339.908153,117.972173,"MB/sec",50
"benchmarks.arrayList.AddRemove.addFirstRemoveFirst:·gc.alloc.rate.norm","avgt",1,20,36400.017643,0.038824,"B/op",50
"benchmarks.arrayList.AddRemove.addFirstRemoveFirst:·gc.churn.PS_Eden_Space","avgt",1,20,1335.062974,124.836630,"MB/sec",50
"benchmarks.arrayList.AddRemove.addFirstRemoveFirst:·gc.churn.PS_Eden_Space.norm","avgt",1,20,36297.536380,1564.300427,"B/op",50
"benchmarks.arrayList.AddRemove.addFirstRemoveFirst:·gc.churn.PS_Survivor_Space","avgt",1,20,0.061417,0.021537,"MB/sec",50
"benchmarks.arrayList.AddRemove.addFirstRemoveFirst:·gc.churn.PS_Survivor_Space.norm","avgt",1,20,1.705207,0.672607,"B/op",50
"benchmarks.arrayList.AddRemove.addFirstRemoveFirst:·gc.count","avgt",1,20,211.000000,NaN,"counts",50
"benchmarks.arrayList.AddRemove.addFirstRemoveFirst:·gc.time","avgt",1,20,180.000000,NaN,"ms",50
"benchmarks.arrayList.AddRemove.addFirstRemoveFirst","avgt",1,20,78.952700,3.051881,"us/op",100
"benchmarks.arrayList.AddRemove.addFirstRemoveFirst:·gc.alloc.rate","avgt",1,20,1070.952640,38.150828,"MB/sec",100
"benchmarks.arrayList.AddRemove.addFirstRemoveFirst:·gc.alloc.rate.norm","avgt",1,20,132800.081305,0.182117,"B/op",100
"benchmarks.arrayList.AddRemove.addFirstRemoveFirst:·gc.churn.PS_Eden_Space","avgt",1,20,1074.709667,71.991532,"MB/sec",100
"benchmarks.arrayList.AddRemove.addFirstRemoveFirst:·gc.churn.PS_Eden_Space.norm","avgt",1,20,133356.109654,8675.652409,"B/op",100
"benchmarks.arrayList.AddRemove.addFirstRemoveFirst:·gc.churn.PS_Survivor_Space","avgt",1,20,0.064536,0.028070,"MB/sec",100
"benchmarks.arrayList.AddRemove.addFirstRemoveFirst:·gc.churn.PS_Survivor_Space.norm","avgt",1,20,7.993351,3.429189,"B/op",100
"benchmarks.arrayList.AddRemove.addFirstRemoveFirst:·gc.count","avgt",1,20,185.000000,NaN,"counts",100
"benchmarks.arrayList.AddRemove.addFirstRemoveFirst:·gc.time","avgt",1,20,170.000000,NaN,"ms",100
"benchmarks.arrayList.AddRemove.addFirstRemoveFirst","avgt",1,20,7806.201884,559.256108,"us/op",1000
"benchmarks.arrayList.AddRemove.addFirstRemoveFirst:·gc.alloc.rate","avgt",1,20,994.870050,65.993099,"MB/sec",1000
"benchmarks.arrayList.AddRemove.addFirstRemoveFirst:·gc.alloc.rate.norm","avgt",1,20,12128008.436712,19.682098,"B/op",1000
"benchmarks.arrayList.AddRemove.addFirstRemoveFirst:·gc.churn.PS_Eden_Space","avgt",1,20,991.359824,69.131504,"MB/sec",1000
"benchmarks.arrayList.AddRemove.addFirstRemoveFirst:·gc.churn.PS_Eden_Space.norm","avgt",1,20,12090501.058647,404271.352734,"B/op",1000
"benchmarks.arrayList.AddRemove.addFirstRemoveFirst:·gc.churn.PS_Survivor_Space","avgt",1,20,0.050842,0.014857,"MB/sec",1000
"benchmarks.arrayList.AddRemove.addFirstRemoveFirst:·gc.churn.PS_Survivor_Space.norm","avgt",1,20,623.841912,196.525586,"B/op",1000
"benchmarks.arrayList.AddRemove.addFirstRemoveFirst:·gc.count","avgt",1,20,194.000000,NaN,"counts",1000
"benchmarks.arrayList.AddRemove.addFirstRemoveFirst:·gc.time","avgt",1,20,171.000000,NaN,"ms",1000
"benchmarks.arrayList.AddRemove.addFirstRemoveLast","avgt",1,20,0.033099,0.003123,"us/op",1
"benchmarks.arrayList.AddRemove.addFirstRemoveLast:·gc.alloc.rate","avgt",1,20,2326.582687,186.900050,"MB/sec",1
"benchmarks.arrayList.AddRemove.addFirstRemoveLast:·gc.alloc.rate.norm","avgt",1,20,120.000033,0.000073,"B/op",1
"benchmarks.arrayList.AddRemove.addFirstRemoveLast:·gc.churn.PS_Eden_Space","avgt",1,20,2337.121881,208.865895,"MB/sec",1
"benchmarks.arrayList.AddRemove.addFirstRemoveLast:·gc.churn.PS_Eden_Space.norm","avgt",1,20,120.531822,4.513108,"B/op",1
"benchmarks.arrayList.AddRemove.addFirstRemoveLast:·gc.churn.PS_Survivor_Space","avgt",1,20,0.072841,0.026512,"MB/sec",1
"benchmarks.arrayList.AddRemove.addFirstRemoveLast:·gc.churn.PS_Survivor_Space.norm","avgt",1,20,0.003727,0.001288,"B/op",1
"benchmarks.arrayList.AddRemove.addFirstRemoveLast:·gc.count","avgt",1,20,219.000000,NaN,"counts",1
"benchmarks.arrayList.AddRemove.addFirstRemoveLast:·gc.time","avgt",1,20,182.000000,NaN,"ms",1
"benchmarks.arrayList.AddRemove.addFirstRemoveLast","avgt",1,20,0.324994,0.021508,"us/op",3
"benchmarks.arrayList.AddRemove.addFirstRemoveLast:·gc.alloc.rate","avgt",1,20,1179.257381,70.662736,"MB/sec",3
"benchmarks.arrayList.AddRemove.addFirstRemoveLast:·gc.alloc.rate.norm","avgt",1,20,600.000324,0.000709,"B/op",3
"benchmarks.arrayList.AddRemove.addFirstRemoveLast:·gc.churn.PS_Eden_Space","avgt",1,20,1176.483389,73.234541,"MB/sec",3
"benchmarks.arrayList.AddRemove.addFirstRemoveLast:·gc.churn.PS_Eden_Space.norm","avgt",1,20,599.000714,21.512960,"B/op",3
"benchmarks.arrayList.AddRemove.addFirstRemoveLast:·gc.churn.PS_Survivor_Space","avgt",1,20,0.065583,0.022924,"MB/sec",3
"benchmarks.arrayList.AddRemove.addFirstRemoveLast:·gc.churn.PS_Survivor_Space.norm","avgt",1,20,0.033615,0.012014,"B/op",3
"benchmarks.arrayList.AddRemove.addFirstRemoveLast:·gc.count","avgt",1,20,194.000000,NaN,"counts",3
"benchmarks.arrayList.AddRemove.addFirstRemoveLast:·gc.time","avgt",1,20,173.000000,NaN,"ms",3
"benchmarks.arrayList.AddRemove.addFirstRemoveLast","avgt",1,20,0.760354,0.034092,"us/op",6
"benchmarks.arrayList.AddRemove.addFirstRemoveLast:·gc.alloc.rate","avgt",1,20,1005.475256,41.784930,"MB/sec",6
"benchmarks.arrayList.AddRemove.addFirstRemoveLast:·gc.alloc.rate.norm","avgt",1,20,1200.000780,0.001741,"B/op",6
"benchmarks.arrayList.AddRemove.addFirstRemoveLast:·gc.churn.PS_Eden_Space","avgt",1,20,1006.673509,49.098042,"MB/sec",6
"benchmarks.arrayList.AddRemove.addFirstRemoveLast:·gc.churn.PS_Eden_Space.norm","avgt",1,20,1201.676808,35.776070,"B/op",6
"benchmarks.arrayList.AddRemove.addFirstRemoveLast:·gc.churn.PS_Survivor_Space","avgt",1,20,0.071826,0.030745,"MB/sec",6
"benchmarks.arrayList.AddRemove.addFirstRemoveLast:·gc.churn.PS_Survivor_Space.norm","avgt",1,20,0.085478,0.035874,"B/op",6
"benchmarks.arrayList.AddRemove.addFirstRemoveLast:·gc.count","avgt",1,20,218.000000,NaN,"counts",6
"benchmarks.arrayList.AddRemove.addFirstRemoveLast:·gc.time","avgt",1,20,184.000000,NaN,"ms",6
"benchmarks.arrayList.AddRemove.addFirstRemoveLast","avgt",1,20,1.476801,0.081338,"us/op",10
"benchmarks.arrayList.AddRemove.addFirstRemoveLast:·gc.alloc.rate","avgt",1,20,1071.202413,55.084018,"MB/sec",10
"benchmarks.arrayList.AddRemove.addFirstRemoveLast:·gc.alloc.rate.norm","avgt",1,20,2480.001571,0.003620,"B/op",10
"benchmarks.arrayList.AddRemove.addFirstRemoveLast:·gc.churn.PS_Eden_Space","avgt",1,20,1072.988945,88.653931,"MB/sec",10
"benchmarks.arrayList.AddRemove.addFirstRemoveLast:·gc.churn.PS_Eden_Space.norm","avgt",1,20,2482.070991,134.367835,"B/op",10
"benchmarks.arrayList.AddRemove.addFirstRemoveLast:·gc.churn.PS_Survivor_Space","avgt",1,20,0.061401,0.022304,"MB/sec",10
"benchmarks.arrayList.AddRemove.addFirstRemoveLast:·gc.churn.PS_Survivor_Space.norm","avgt",1,20,0.144155,0.055625,"B/op",10
"benchmarks.arrayList.AddRemove.addFirstRemoveLast:·gc.count","avgt",1,20,200.000000,NaN,"counts",10
"benchmarks.arrayList.AddRemove.addFirstRemoveLast:·gc.time","avgt",1,20,174.000000,NaN,"ms",10
"benchmarks.arrayList.AddRemove.addFirstRemoveLast","avgt",1,20,2.898142,0.120941,"us/op",15
"benchmarks.arrayList.AddRemove.addFirstRemoveLast:·gc.alloc.rate","avgt",1,20,1133.884271,44.385788,"MB/sec",15
"benchmarks.arrayList.AddRemove.addFirstRemoveLast:·gc.alloc.rate.norm","avgt",1,20,5160.002968,0.006657,"B/op",15
"benchmarks.arrayList.AddRemove.addFirstRemoveLast:·gc.churn.PS_Eden_Space","avgt",1,20,1132.021845,55.192843,"MB/sec",15
"benchmarks.arrayList.AddRemove.addFirstRemoveLast:·gc.churn.PS_Eden_Space.norm","avgt",1,20,5152.696641,178.811700,"B/op",15
"benchmarks.arrayList.AddRemove.addFirstRemoveLast:·gc.churn.PS_Survivor_Space","avgt",1,20,0.062459,0.021949,"MB/sec",15
"benchmarks.arrayList.AddRemove.addFirstRemoveLast:·gc.churn.PS_Survivor_Space.norm","avgt",1,20,0.285922,0.101858,"B/op",15
"benchmarks.arrayList.AddRemove.addFirstRemoveLast:·gc.count","avgt",1,20,212.000000,NaN,"counts",15
"benchmarks.arrayList.AddRemove.addFirstRemoveLast:·gc.time","avgt",1,20,178.000000,NaN,"ms",15
"benchmarks.arrayList.AddRemove.addFirstRemoveLast","avgt",1,20,6.163563,0.415171,"us/op",25
"benchmarks.arrayList.AddRemove.addFirstRemoveLast:·gc.alloc.rate","avgt",1,20,1119.617573,69.706678,"MB/sec",25
"benchmarks.arrayList.AddRemove.addFirstRemoveLast:·gc.alloc.rate.norm","avgt",1,20,10800.006312,0.014109,"B/op",25
"benchmarks.arrayList.AddRemove.addFirstRemoveLast:·gc.churn.PS_Eden_Space","avgt",1,20,1119.987624,83.134350,"MB/sec",25
"benchmarks.arrayList.AddRemove.addFirstRemoveLast:·gc.churn.PS_Eden_Space.norm","avgt",1,20,10805.227665,444.886118,"B/op",25
"benchmarks.arrayList.AddRemove.addFirstRemoveLast:·gc.churn.PS_Survivor_Space","avgt",1,20,0.075991,0.025075,"MB/sec",25
"benchmarks.arrayList.AddRemove.addFirstRemoveLast:·gc.churn.PS_Survivor_Space.norm","avgt",1,20,0.737017,0.244884,"B/op",25
"benchmarks.arrayList.AddRemove.addFirstRemoveLast:·gc.count","avgt",1,20,221.000000,NaN,"counts",25
"benchmarks.arrayList.AddRemove.addFirstRemoveLast:·gc.time","avgt",1,20,181.000000,NaN,"ms",25
"benchmarks.arrayList.AddRemove.addFirstRemoveLast","avgt",1,20,22.037896,0.598220,"us/op",50
"benchmarks.arrayList.AddRemove.addFirstRemoveLast:·gc.alloc.rate","avgt",1,20,1096.967069,28.510993,"MB/sec",50
"benchmarks.arrayList.AddRemove.addFirstRemoveLast:·gc.alloc.rate.norm","avgt",1,20,38000.023224,0.053131,"B/op",50
"benchmarks.arrayList.AddRemove.addFirstRemoveLast:·gc.churn.PS_Eden_Space","avgt",1,20,1097.113872,44.563478,"MB/sec",50
"benchmarks.arrayList.AddRemove.addFirstRemoveLast:·gc.churn.PS_Eden_Space.norm","avgt",1,20,38002.174292,1110.199851,"B/op",50
"benchmarks.arrayList.AddRemove.addFirstRemoveLast:·gc.churn.PS_Survivor_Space","avgt",1,20,0.088457,0.023364,"MB/sec",50
"benchmarks.arrayList.AddRemove.addFirstRemoveLast:·gc.churn.PS_Survivor_Space.norm","avgt",1,20,3.061889,0.794332,"B/op",50
"benchmarks.arrayList.AddRemove.addFirstRemoveLast:·gc.count","avgt",1,20,246.000000,NaN,"counts",50
"benchmarks.arrayList.AddRemove.addFirstRemoveLast:·gc.time","avgt",1,20,198.000000,NaN,"ms",50
"benchmarks.arrayList.AddRemove.addFirstRemoveLast","avgt",1,20,97.935619,5.359312,"us/op",100
"benchmarks.arrayList.AddRemove.addFirstRemoveLast:·gc.alloc.rate","avgt",1,20,865.049927,45.060828,"MB/sec",100
"benchmarks.arrayList.AddRemove.addFirstRemoveLast:·gc.alloc.rate.norm","avgt",1,20,132800.100065,0.219155,"B/op",100
"benchmarks.arrayList.AddRemove.addFirstRemoveLast:·gc.churn.PS_Eden_Space","avgt",1,20,855.384994,71.738846,"MB/sec",100
"benchmarks.arrayList.AddRemove.addFirstRemoveLast:·gc.churn.PS_Eden_Space.norm","avgt",1,20,131319.329058,8460.917417,"B/op",100
"benchmarks.arrayList.AddRemove.addFirstRemoveLast:·gc.churn.PS_Survivor_Space","avgt",1,20,0.060370,0.028679,"MB/sec",100
"benchmarks.arrayList.AddRemove.addFirstRemoveLast:·gc.churn.PS_Survivor_Space.norm","avgt",1,20,9.248581,4.380251,"B/op",100
"benchmarks.arrayList.AddRemove.addFirstRemoveLast:·gc.count","avgt",1,20,189.000000,NaN,"counts",100
"benchmarks.arrayList.AddRemove.addFirstRemoveLast:·gc.time","avgt",1,20,161.000000,NaN,"ms",100
"benchmarks.arrayList.AddRemove.addFirstRemoveLast","avgt",1,20,10016.117430,505.441051,"us/op",1000
"benchmarks.arrayList.AddRemove.addFirstRemoveLast:·gc.alloc.rate","avgt",1,20,775.190972,36.937854,"MB/sec",1000
"benchmarks.arrayList.AddRemove.addFirstRemoveLast:·gc.alloc.rate.norm","avgt",1,20,12160010.451965,23.748619,"B/op",1000
"benchmarks.arrayList.AddRemove.addFirstRemoveLast:·gc.churn.PS_Eden_Space","avgt",1,20,779.020394,46.777248,"MB/sec",1000
"benchmarks.arrayList.AddRemove.addFirstRemoveLast:·gc.churn.PS_Eden_Space.norm","avgt",1,20,12226668.457774,547542.575677,"B/op",1000
"benchmarks.arrayList.AddRemove.addFirstRemoveLast:·gc.churn.PS_Survivor_Space","avgt",1,20,0.075767,0.026979,"MB/sec",1000
"benchmarks.arrayList.AddRemove.addFirstRemoveLast:·gc.churn.PS_Survivor_Space.norm","avgt",1,20,1190.872335,416.217668,"B/op",1000
"benchmarks.arrayList.AddRemove.addFirstRemoveLast:·gc.count","avgt",1,20,212.000000,NaN,"counts",1000
"benchmarks.arrayList.AddRemove.addFirstRemoveLast:·gc.time","avgt",1,20,175.000000,NaN,"ms",1000
"benchmarks.arrayList.AddRemove.addLastRemoveFirst","avgt",1,20,551.140654,80.112693,"us/op",1
"benchmarks.arrayList.AddRemove.addLastRemoveFirst:·gc.alloc.rate","avgt",1,20,986.777414,48.073261,"MB/sec",1
"benchmarks.arrayList.AddRemove.addLastRemoveFirst:·gc.alloc.rate.norm","avgt",1,20,852265.542867,113368.666919,"B/op",1
"benchmarks.arrayList.AddRemove.addLastRemoveFirst:·gc.churn.PS_Eden_Space","avgt",1,20,985.526406,49.688535,"MB/sec",1
"benchmarks.arrayList.AddRemove.addLastRemoveFirst:·gc.churn.PS_Eden_Space.norm","avgt",1,20,852452.261640,118890.168773,"B/op",1
"benchmarks.arrayList.AddRemove.addLastRemoveFirst:·gc.churn.PS_Survivor_Space","avgt",1,20,0.451023,0.097420,"MB/sec",1
"benchmarks.arrayList.AddRemove.addLastRemoveFirst:·gc.churn.PS_Survivor_Space.norm","avgt",1,20,395.663148,111.007881,"B/op",1
"benchmarks.arrayList.AddRemove.addLastRemoveFirst:·gc.count","avgt",1,20,202.000000,NaN,"counts",1
"benchmarks.arrayList.AddRemove.addLastRemoveFirst:·gc.time","avgt",1,20,202.000000,NaN,"ms",1
"benchmarks.arrayList.AddRemove.addLastRemoveFirst","avgt",1,20,1587.809525,228.776482,"us/op",3
"benchmarks.arrayList.AddRemove.addLastRemoveFirst:·gc.alloc.rate","avgt",1,20,1067.384093,74.684438,"MB/sec",3
"benchmarks.arrayList.AddRemove.addLastRemoveFirst:·gc.alloc.rate.norm","avgt",1,20,2651317.515856,353964.923647,"B/op",3
"benchmarks.arrayList.AddRemove.addLastRemoveFirst:·gc.churn.PS_Eden_Space","avgt",1,20,1069.348796,92.392239,"MB/sec",3
"benchmarks.arrayList.AddRemove.addLastRemoveFirst:·gc.churn.PS_Eden_Space.norm","avgt",1,20,2658735.414046,397810.075869,"B/op",3
"benchmarks.arrayList.AddRemove.addLastRemoveFirst:·gc.churn.PS_Survivor_Space","avgt",1,20,0.434953,0.145513,"MB/sec",3
"benchmarks.arrayList.AddRemove.addLastRemoveFirst:·gc.churn.PS_Survivor_Space.norm","avgt",1,20,1100.791336,433.294209,"B/op",3
"benchmarks.arrayList.AddRemove.addLastRemoveFirst:·gc.count","avgt",1,20,186.000000,NaN,"counts",3
"benchmarks.arrayList.AddRemove.addLastRemoveFirst:·gc.time","avgt",1,20,193.000000,NaN,"ms",3
"benchmarks.arrayList.AddRemove.addLastRemoveFirst","avgt",1,20,3149.742010,456.576530,"us/op",6
"benchmarks.arrayList.AddRemove.addLastRemoveFirst:·gc.alloc.rate","avgt",1,20,1072.952680,60.853146,"MB/sec",6
"benchmarks.arrayList.AddRemove.addLastRemoveFirst:·gc.alloc.rate.norm","avgt",1,20,5296883.384592,724424.686934,"B/op",6
"benchmarks.arrayList.AddRemove.addLastRemoveFirst:·gc.churn.PS_Eden_Space","avgt",1,20,1077.947156,79.979314,"MB/sec",6
"benchmarks.arrayList.AddRemove.addLastRemoveFirst:·gc.churn.PS_Eden_Space.norm","avgt",1,20,5326454.508607,792532.513598,"B/op",6
"benchmarks.arrayList.AddRemove.addLastRemoveFirst:·gc.churn.PS_Survivor_Space","avgt",1,20,0.391942,0.184505,"MB/sec",6
"benchmarks.arrayList.AddRemove.addLastRemoveFirst:·gc.churn.PS_Survivor_Space.norm","avgt",1,20,2010.340063,1042.193728,"B/op",6
"benchmarks.arrayList.AddRemove.addLastRemoveFirst:·gc.count","avgt",1,20,169.000000,NaN,"counts",6
"benchmarks.arrayList.AddRemove.addLastRemoveFirst:·gc.time","avgt",1,20,186.000000,NaN,"ms",6
"benchmarks.arrayList.AddRemove.addLastRemoveFirst","avgt",1,20,5363.603356,895.022819,"us/op",10
"benchmarks.arrayList.AddRemove.addLastRemoveFirst:·gc.alloc.rate","avgt",1,20,1058.998429,64.842655,"MB/sec",10
"benchmarks.arrayList.AddRemove.addLastRemoveFirst:·gc.alloc.rate.norm","avgt",1,20,8848785.186742,1179363.451717,"B/op",10
"benchmarks.arrayList.AddRemove.addLastRemoveFirst:·gc.churn.PS_Eden_Space","avgt",1,20,1059.575709,86.391514,"MB/sec",10
"benchmarks.arrayList.AddRemove.addLastRemoveFirst:·gc.churn.PS_Eden_Space.norm","avgt",1,20,8860961.319602,1295667.559811,"B/op",10
"benchmarks.arrayList.AddRemove.addLastRemoveFirst:·gc.churn.PS_Survivor_Space","avgt",1,20,0.548330,0.282634,"MB/sec",10
"benchmarks.arrayList.AddRemove.addLastRemoveFirst:·gc.churn.PS_Survivor_Space.norm","avgt",1,20,4582.250388,2258.990808,"B/op",10
"benchmarks.arrayList.AddRemove.addLastRemoveFirst:·gc.count","avgt",1,20,186.000000,NaN,"counts",10
"benchmarks.arrayList.AddRemove.addLastRemoveFirst:·gc.time","avgt",1,20,192.000000,NaN,"ms",10
"benchmarks.arrayList.AddRemove.addLastRemoveFirst","avgt",1,20,8190.882041,1241.102349,"us/op",15
"benchmarks.arrayList.AddRemove.addLastRemoveFirst:·gc.alloc.rate","avgt",1,20,1023.369632,64.217413,"MB/sec",15
"benchmarks.arrayList.AddRemove.addLastRemoveFirst:·gc.alloc.rate.norm","avgt",1,20,13084560.508182,1712372.407535,"B/op",15
"benchmarks.arrayList.AddRemove.addLastRemoveFirst:·gc.churn.PS_Eden_Space","avgt",1,20,1020.618217,73.149489,"MB/sec",15
"benchmarks.arrayList.AddRemove.addLastRemoveFirst:·gc.churn.PS_Eden_Space.norm","avgt",1,20,13051221.779165,1764578.466998,"B/op",15
"benchmarks.arrayList.AddRemove.addLastRemoveFirst:·gc.churn.PS_Survivor_Space","avgt",1,20,0.439810,0.172571,"MB/sec",15
"benchmarks.arrayList.AddRemove.addLastRemoveFirst:·gc.churn.PS_Survivor_Space.norm","avgt",1,20,5931.224835,2983.695331,"B/op",15
"benchmarks.arrayList.AddRemove.addLastRemoveFirst:·gc.count","avgt",1,20,191.000000,NaN,"counts",15
"benchmarks.arrayList.AddRemove.addLastRemoveFirst:·gc.time","avgt",1,20,195.000000,NaN,"ms",15
"benchmarks.arrayList.AddRemove.addLastRemoveFirst","avgt",1,20,12915.370538,1647.318163,"us/op",25
"benchmarks.arrayList.AddRemove.addLastRemoveFirst:·gc.alloc.rate","avgt",1,20,1099.698563,44.054180,"MB/sec",25
"benchmarks.arrayList.AddRemove.addLastRemoveFirst:·gc.alloc.rate.norm","avgt",1,20,22317112.678141,3046156.569219,"B/op",25
"benchmarks.arrayList.AddRemove.addLastRemoveFirst:·gc.churn.PS_Eden_Space","avgt",1,20,1100.721786,72.458369,"MB/sec",25
"benchmarks.arrayList.AddRemove.addLastRemoveFirst:·gc.churn.PS_Eden_Space.norm","avgt",1,20,22350494.879267,3375835.765092,"B/op",25
"benchmarks.arrayList.AddRemove.addLastRemoveFirst:·gc.churn.PS_Survivor_Space","avgt",1,20,0.450223,0.107951,"MB/sec",25
"benchmarks.arrayList.AddRemove.addLastRemoveFirst:·gc.churn.PS_Survivor_Space.norm","avgt",1,20,9080.071080,2309.212215,"B/op",25
"benchmarks.arrayList.AddRemove.addLastRemoveFirst:·gc.count","avgt",1,20,188.000000,NaN,"counts",25
"benchmarks.arrayList.AddRemove.addLastRemoveFirst:·gc.time","avgt",1,20,189.000000,NaN,"ms",25
"benchmarks.arrayList.AddRemove.addLastRemoveFirst","avgt",1,20,28336.345409,3839.674063,"us/op",50
"benchmarks.arrayList.AddRemove.addLastRemoveFirst:·gc.alloc.rate","avgt",1,20,973.991805,25.568878,"MB/sec",50
"benchmarks.arrayList.AddRemove.addLastRemoveFirst:·gc.alloc.rate.norm","avgt",1,20,43127777.768468,5593475.683944,"B/op",50
"benchmarks.arrayList.AddRemove.addLastRemoveFirst:·gc.churn.PS_Eden_Space","avgt",1,20,977.027395,49.312608,"MB/sec",50
"benchmarks.arrayList.AddRemove.addLastRemoveFirst:·gc.churn.PS_Eden_Space.norm","avgt",1,20,43299660.579369,6185114.905589,"B/op",50
"benchmarks.arrayList.AddRemove.addLastRemoveFirst:·gc.churn.PS_Survivor_Space","avgt",1,20,0.470462,0.169674,"MB/sec",50
"benchmarks.arrayList.AddRemove.addLastRemoveFirst:·gc.churn.PS_Survivor_Space.norm","avgt",1,20,20935.410520,8179.393121,"B/op",50
"benchmarks.arrayList.AddRemove.addLastRemoveFirst:·gc.count","avgt",1,20,195.000000,NaN,"counts",50
"benchmarks.arrayList.AddRemove.addLastRemoveFirst:·gc.time","avgt",1,20,199.000000,NaN,"ms",50
"benchmarks.arrayList.AddRemove.addLastRemoveFirst","avgt",1,20,53770.701933,7398.245192,"us/op",100
"benchmarks.arrayList.AddRemove.addLastRemoveFirst:·gc.alloc.rate","avgt",1,20,1080.131880,49.726342,"MB/sec",100
"benchmarks.arrayList.AddRemove.addLastRemoveFirst:·gc.alloc.rate.norm","avgt",1,20,90196350.422163,12004438.954784,"B/op",100
"benchmarks.arrayList.AddRemove.addLastRemoveFirst:·gc.churn.PS_Eden_Space","avgt",1,20,1080.809823,71.666462,"MB/sec",100
"benchmarks.arrayList.AddRemove.addLastRemoveFirst:·gc.churn.PS_Eden_Space.norm","avgt",1,20,90357444.315461,13423689.308571,"B/op",100
"benchmarks.arrayList.AddRemove.addLastRemoveFirst:·gc.churn.PS_Survivor_Space","avgt",1,20,0.382935,0.145955,"MB/sec",100
"benchmarks.arrayList.AddRemove.addLastRemoveFirst:·gc.churn.PS_Survivor_Space.norm","avgt",1,20,31322.526001,11545.892897,"B/op",100
"benchmarks.arrayList.AddRemove.addLastRemoveFirst:·gc.count","avgt",1,20,166.000000,NaN,"counts",100
"benchmarks.arrayList.AddRemove.addLastRemoveFirst:·gc.time","avgt",1,20,184.000000,NaN,"ms",100
"benchmarks.arrayList.AddRemove.addLastRemoveFirst","avgt",1,20,572135.833267,97576.795849,"us/op",1000
"benchmarks.arrayList.AddRemove.addLastRemoveFirst:·gc.alloc.rate","avgt",1,20,1138.208789,80.156984,"MB/sec",1000
"benchmarks.arrayList.AddRemove.addLastRemoveFirst:·gc.alloc.rate.norm","avgt",1,20,950824503.800000,134579540.493046,"B/op",1000
"benchmarks.arrayList.AddRemove.addLastRemoveFirst:·gc.churn.PS_Eden_Space","avgt",1,20,1138.565291,82.761966,"MB/sec",1000
"benchmarks.arrayList.AddRemove.addLastRemoveFirst:·gc.churn.PS_Eden_Space.norm","avgt",1,20,950535412.933333,132726573.869368,"B/op",1000
"benchmarks.arrayList.AddRemove.addLastRemoveFirst:·gc.churn.PS_Survivor_Space","avgt",1,20,0.491690,0.142340,"MB/sec",1000
"benchmarks.arrayList.AddRemove.addLastRemoveFirst:·gc.churn.PS_Survivor_Space.norm","avgt",1,20,417422.933333,141666.002597,"B/op",1000
"benchmarks.arrayList.AddRemove.addLastRemoveFirst:·gc.count","avgt",1,20,220.000000,NaN,"counts",1000
"benchmarks.arrayList.AddRemove.addLastRemoveFirst:·gc.time","avgt",1,20,239.000000,NaN,"ms",1000
"benchmarks.arrayList.AddRemove.addLastRemoveLast","avgt",1,20,0.033080,0.002417,"us/op",1
"benchmarks.arrayList.AddRemove.addLastRemoveLast:·gc.alloc.rate","avgt",1,20,2319.854792,154.721089,"MB/sec",1
"benchmarks.arrayList.AddRemove.addLastRemoveLast:·gc.alloc.rate.norm","avgt",1,20,120.000033,0.000072,"B/op",1
"benchmarks.arrayList.AddRemove.addLastRemoveLast:·gc.churn.PS_Eden_Space","avgt",1,20,2325.768178,168.457470,"MB/sec",1
"benchmarks.arrayList.AddRemove.addLastRemoveLast:·gc.churn.PS_Eden_Space.norm","avgt",1,20,120.369253,4.694097,"B/op",1
"benchmarks.arrayList.AddRemove.addLastRemoveLast:·gc.churn.PS_Survivor_Space","avgt",1,20,0.063487,0.030178,"MB/sec",1
"benchmarks.arrayList.AddRemove.addLastRemoveLast:·gc.churn.PS_Survivor_Space.norm","avgt",1,20,0.003270,0.001503,"B/op",1
"benchmarks.arrayList.AddRemove.addLastRemoveLast:·gc.count","avgt",1,20,202.000000,NaN,"counts",1
"benchmarks.arrayList.AddRemove.addLastRemoveLast:·gc.time","avgt",1,20,179.000000,NaN,"ms",1
"benchmarks.arrayList.AddRemove.addLastRemoveLast","avgt",1,20,0.294181,0.007633,"us/op",3
"benchmarks.arrayList.AddRemove.addLastRemoveLast:·gc.alloc.rate","avgt",1,20,1089.819061,27.665224,"MB/sec",3
"benchmarks.arrayList.AddRemove.addLastRemoveLast:·gc.alloc.rate.norm","avgt",1,20,504.000309,0.000704,"B/op",3
"benchmarks.arrayList.AddRemove.addLastRemoveLast:·gc.churn.PS_Eden_Space","avgt",1,20,1086.445365,60.180125,"MB/sec",3
"benchmarks.arrayList.AddRemove.addLastRemoveLast:·gc.churn.PS_Eden_Space.norm","avgt",1,20,502.299375,22.862938,"B/op",3
"benchmarks.arrayList.AddRemove.addLastRemoveLast:·gc.churn.PS_Survivor_Space","avgt",1,20,0.078069,0.030963,"MB/sec",3
"benchmarks.arrayList.AddRemove.addLastRemoveLast:·gc.churn.PS_Survivor_Space.norm","avgt",1,20,0.035917,0.013836,"B/op",3
"benchmarks.arrayList.AddRemove.addLastRemoveLast:·gc.count","avgt",1,20,234.000000,NaN,"counts",3
"benchmarks.arrayList.AddRemove.addLastRemoveLast:·gc.time","avgt",1,20,189.000000,NaN,"ms",3
"benchmarks.arrayList.AddRemove.addLastRemoveLast","avgt",1,20,0.713241,0.038665,"us/op",6
"benchmarks.arrayList.AddRemove.addLastRemoveLast:·gc.alloc.rate","avgt",1,20,1072.814456,51.442671,"MB/sec",6
"benchmarks.arrayList.AddRemove.addLastRemoveLast:·gc.alloc.rate.norm","avgt",1,20,1200.000747,0.001689,"B/op",6
"benchmarks.arrayList.AddRemove.addLastRemoveLast:·gc.churn.PS_Eden_Space","avgt",1,20,1070.210596,75.716261,"MB/sec",6
"benchmarks.arrayList.AddRemove.addLastRemoveLast:·gc.churn.PS_Eden_Space.norm","avgt",1,20,1196.363170,49.659425,"B/op",6
"benchmarks.arrayList.AddRemove.addLastRemoveLast:·gc.churn.PS_Survivor_Space","avgt",1,20,0.065584,0.031734,"MB/sec",6
"benchmarks.arrayList.AddRemove.addLastRemoveLast:·gc.churn.PS_Survivor_Space.norm","avgt",1,20,0.073122,0.034480,"B/op",6
"benchmarks.arrayList.AddRemove.addLastRemoveLast:·gc.count","avgt",1,20,213.000000,NaN,"counts",6
"benchmarks.arrayList.AddRemove.addLastRemoveLast:·gc.time","avgt",1,20,184.000000,NaN,"ms",6
"benchmarks.arrayList.AddRemove.addLastRemoveLast","avgt",1,20,1.430129,0.151720,"us/op",10
"benchmarks.arrayList.AddRemove.addLastRemoveLast:·gc.alloc.rate","avgt",1,20,1115.027446,96.772603,"MB/sec",10
"benchmarks.arrayList.AddRemove.addLastRemoveLast:·gc.alloc.rate.norm","avgt",1,20,2480.001449,0.003215,"B/op",10
"benchmarks.arrayList.AddRemove.addLastRemoveLast:·gc.churn.PS_Eden_Space","avgt",1,20,1114.356033,103.784790,"MB/sec",10
"benchmarks.arrayList.AddRemove.addLastRemoveLast:·gc.churn.PS_Eden_Space.norm","avgt",1,20,2483.445118,160.448234,"B/op",10
"benchmarks.arrayList.AddRemove.addLastRemoveLast:·gc.churn.PS_Survivor_Space","avgt",1,20,0.047873,0.028788,"MB/sec",10
"benchmarks.arrayList.AddRemove.addLastRemoveLast:·gc.churn.PS_Survivor_Space.norm","avgt",1,20,0.107867,0.065503,"B/op",10
"benchmarks.arrayList.AddRemove.addLastRemoveLast:·gc.count","avgt",1,20,160.000000,NaN,"counts",10
"benchmarks.arrayList.AddRemove.addLastRemoveLast:·gc.time","avgt",1,20,173.000000,NaN,"ms",10
"benchmarks.arrayList.AddRemove.addLastRemoveLast","avgt",1,20,3.052339,0.329690,"us/op",15
"benchmarks.arrayList.AddRemove.addLastRemoveLast:·gc.alloc.rate","avgt",1,20,1088.446792,102.492767,"MB/sec",15
"benchmarks.arrayList.AddRemove.addLastRemoveLast:·gc.alloc.rate.norm","avgt",1,20,5160.003044,0.006665,"B/op",15
"benchmarks.arrayList.AddRemove.addLastRemoveLast:·gc.churn.PS_Eden_Space","avgt",1,20,1088.475231,111.266724,"MB/sec",15
"benchmarks.arrayList.AddRemove.addLastRemoveLast:·gc.churn.PS_Eden_Space.norm","avgt",1,20,5162.677194,229.292908,"B/op",15
"benchmarks.arrayList.AddRemove.addLastRemoveLast:·gc.churn.PS_Survivor_Space","avgt",1,20,0.066614,0.023150,"MB/sec",15
"benchmarks.arrayList.AddRemove.addLastRemoveLast:·gc.churn.PS_Survivor_Space.norm","avgt",1,20,0.321614,0.122217,"B/op",15
"benchmarks.arrayList.AddRemove.addLastRemoveLast:·gc.count","avgt",1,20,205.000000,NaN,"counts",15
"benchmarks.arrayList.AddRemove.addLastRemoveLast:·gc.time","avgt",1,20,184.000000,NaN,"ms",15
"benchmarks.arrayList.AddRemove.addLastRemoveLast","avgt",1,20,6.447083,0.284039,"us/op",25
"benchmarks.arrayList.AddRemove.addLastRemoveLast:·gc.alloc.rate","avgt",1,20,1146.194537,48.311797,"MB/sec",25
"benchmarks.arrayList.AddRemove.addLastRemoveLast:·gc.alloc.rate.norm","avgt",1,20,11600.006713,0.015209,"B/op",25
"benchmarks.arrayList.AddRemove.addLastRemoveLast:·gc.churn.PS_Eden_Space","avgt",1,20,1146.379548,74.396095,"MB/sec",25
"benchmarks.arrayList.AddRemove.addLastRemoveLast:·gc.churn.PS_Eden_Space.norm","avgt",1,20,11604.073207,593.033865,"B/op",25
"benchmarks.arrayList.AddRemove.addLastRemoveLast:·gc.churn.PS_Survivor_Space","avgt",1,20,0.075989,0.025749,"MB/sec",25
"benchmarks.arrayList.AddRemove.addLastRemoveLast:·gc.churn.PS_Survivor_Space.norm","avgt",1,20,0.774119,0.267059,"B/op",25
"benchmarks.arrayList.AddRemove.addLastRemoveLast:·gc.count","avgt",1,20,214.000000,NaN,"counts",25
"benchmarks.arrayList.AddRemove.addLastRemoveLast:·gc.time","avgt",1,20,179.000000,NaN,"ms",25
"benchmarks.arrayList.AddRemove.addLastRemoveLast","avgt",1,20,21.379003,1.309213,"us/op",50
"benchmarks.arrayList.AddRemove.addLastRemoveLast:·gc.alloc.rate","avgt",1,20,1086.591621,58.905154,"MB/sec",50
"benchmarks.arrayList.AddRemove.addLastRemoveLast:·gc.alloc.rate.norm","avgt",1,20,36400.021647,0.047829,"B/op",50
"benchmarks.arrayList.AddRemove.addLastRemoveLast:·gc.churn.PS_Eden_Space","avgt",1,20,1087.659050,77.617391,"MB/sec",50
"benchmarks.arrayList.AddRemove.addLastRemoveLast:·gc.churn.PS_Eden_Space.norm","avgt",1,20,36426.124200,1513.969378,"B/op",50
"benchmarks.arrayList.AddRemove.addLastRemoveLast:·gc.churn.PS_Survivor_Space","avgt",1,20,0.056213,0.026302,"MB/sec",50
"benchmarks.arrayList.AddRemove.addLastRemoveLast:·gc.churn.PS_Survivor_Space.norm","avgt",1,20,1.911322,0.939809,"B/op",50
"benchmarks.arrayList.AddRemove.addLastRemoveLast:·gc.count","avgt",1,20,209.000000,NaN,"counts",50
"benchmarks.arrayList.AddRemove.addLastRemoveLast:·gc.time","avgt",1,20,176.000000,NaN,"ms",50
"benchmarks.arrayList.AddRemove.addLastRemoveLast","avgt",1,20,99.650262,5.369585,"us/op",100
"benchmarks.arrayList.AddRemove.addLastRemoveLast:·gc.alloc.rate","avgt",1,20,850.100796,43.920277,"MB/sec",100
"benchmarks.arrayList.AddRemove.addLastRemoveLast:·gc.alloc.rate.norm","avgt",1,20,132800.106759,0.243843,"B/op",100
"benchmarks.arrayList.AddRemove.addLastRemoveLast:·gc.churn.PS_Eden_Space","avgt",1,20,850.832401,48.851563,"MB/sec",100
"benchmarks.arrayList.AddRemove.addLastRemoveLast:·gc.churn.PS_Eden_Space.norm","avgt",1,20,132919.606597,3610.570758,"B/op",100
"benchmarks.arrayList.AddRemove.addLastRemoveLast:·gc.churn.PS_Survivor_Space","avgt",1,20,0.064524,0.020221,"MB/sec",100
"benchmarks.arrayList.AddRemove.addLastRemoveLast:·gc.churn.PS_Survivor_Space.norm","avgt",1,20,10.051815,3.040960,"B/op",100
"benchmarks.arrayList.AddRemove.addLastRemoveLast:·gc.count","avgt",1,20,231.000000,NaN,"counts",100
"benchmarks.arrayList.AddRemove.addLastRemoveLast:·gc.time","avgt",1,20,185.000000,NaN,"ms",100
"benchmarks.arrayList.AddRemove.addLastRemoveLast","avgt",1,20,9762.763896,577.315885,"us/op",1000
"benchmarks.arrayList.AddRemove.addLastRemoveLast:·gc.alloc.rate","avgt",1,20,793.446270,40.124647,"MB/sec",1000
"benchmarks.arrayList.AddRemove.addLastRemoveLast:·gc.alloc.rate.norm","avgt",1,20,12128010.754193,25.339253,"B/op",1000
"benchmarks.arrayList.AddRemove.addLastRemoveLast:·gc.churn.PS_Eden_Space","avgt",1,20,798.110834,47.432800,"MB/sec",1000
"benchmarks.arrayList.AddRemove.addLastRemoveLast:·gc.churn.PS_Eden_Space.norm","avgt",1,20,12204971.205183,479202.657422,"B/op",1000
"benchmarks.arrayList.AddRemove.addLastRemoveLast:·gc.churn.PS_Survivor_Space","avgt",1,20,0.065441,0.019663,"MB/sec",1000
"benchmarks.arrayList.AddRemove.addLastRemoveLast:·gc.churn.PS_Survivor_Space.norm","avgt",1,20,1004.037867,301.945219,"B/op",1000
"benchmarks.arrayList.AddRemove.addLastRemoveLast:·gc.count","avgt",1,20,209.000000,NaN,"counts",1000
"benchmarks.arrayList.AddRemove.addLastRemoveLast:·gc.time","avgt",1,20,180.000000,NaN,"ms",1000
"benchmarks.arrayList.Remove.removeFirst","avgt",1,20,0.096473,0.004353,"us/op",1
"benchmarks.arrayList.Remove.removeFirst:·gc.alloc.rate","avgt",1,20,143.797360,6.291071,"MB/sec",1
"benchmarks.arrayList.Remove.removeFirst:·gc.alloc.rate.norm","avgt",1,20,48.000221,0.000498,"B/op",1
"benchmarks.arrayList.Remove.removeFirst:·gc.churn.PS_Eden_Space","avgt",1,20,145.240057,10.227533,"MB/sec",1
"benchmarks.arrayList.Remove.removeFirst:·gc.churn.PS_Eden_Space.norm","avgt",1,20,48.507559,2.937915,"B/op",1
"benchmarks.arrayList.Remove.removeFirst:·gc.churn.PS_Survivor_Space","avgt",1,20,0.046831,0.014218,"MB/sec",1
"benchmarks.arrayList.Remove.removeFirst:·gc.churn.PS_Survivor_Space.norm","avgt",1,20,0.015792,0.005142,"B/op",1
"benchmarks.arrayList.Remove.removeFirst:·gc.count","avgt",1,20,152.000000,NaN,"counts",1
"benchmarks.arrayList.Remove.removeFirst:·gc.time","avgt",1,20,125.000000,NaN,"ms",1
"benchmarks.arrayList.Remove.removeFirst","avgt",1,20,0.257112,0.005071,"us/op",3
"benchmarks.arrayList.Remove.removeFirst:·gc.alloc.rate","avgt",1,20,214.899528,4.267530,"MB/sec",3
"benchmarks.arrayList.Remove.removeFirst:·gc.alloc.rate.norm","avgt",1,20,128.000398,0.000908,"B/op",3
"benchmarks.arrayList.Remove.removeFirst:·gc.churn.PS_Eden_Space","avgt",1,20,216.560348,13.366851,"MB/sec",3
"benchmarks.arrayList.Remove.removeFirst:·gc.churn.PS_Eden_Space.norm","avgt",1,20,129.002450,7.637438,"B/op",3
"benchmarks.arrayList.Remove.removeFirst:·gc.churn.PS_Survivor_Space","avgt",1,20,0.048920,0.024387,"MB/sec",3
"benchmarks.arrayList.Remove.removeFirst:·gc.churn.PS_Survivor_Space.norm","avgt",1,20,0.029279,0.014792,"B/op",3
"benchmarks.arrayList.Remove.removeFirst:·gc.count","avgt",1,20,140.000000,NaN,"counts",3
"benchmarks.arrayList.Remove.removeFirst:·gc.time","avgt",1,20,122.000000,NaN,"ms",3
"benchmarks.arrayList.Remove.removeFirst","avgt",1,20,0.542409,0.016593,"us/op",6
"benchmarks.arrayList.Remove.removeFirst:·gc.alloc.rate","avgt",1,20,292.240616,8.623960,"MB/sec",6
"benchmarks.arrayList.Remove.removeFirst:·gc.alloc.rate.norm","avgt",1,20,312.000703,0.001587,"B/op",6
"benchmarks.arrayList.Remove.removeFirst:·gc.churn.PS_Eden_Space","avgt",1,20,292.595480,18.177723,"MB/sec",6
"benchmarks.arrayList.Remove.removeFirst:·gc.churn.PS_Eden_Space.norm","avgt",1,20,312.504285,18.600142,"B/op",6
"benchmarks.arrayList.Remove.removeFirst:·gc.churn.PS_Survivor_Space","avgt",1,20,0.049970,0.023758,"MB/sec",6
"benchmarks.arrayList.Remove.removeFirst:·gc.churn.PS_Survivor_Space.norm","avgt",1,20,0.053742,0.026023,"B/op",6
"benchmarks.arrayList.Remove.removeFirst:·gc.count","avgt",1,20,153.000000,NaN,"counts",6
"benchmarks.arrayList.Remove.removeFirst:·gc.time","avgt",1,20,141.000000,NaN,"ms",6
"benchmarks.arrayList.Remove.removeFirst","avgt",1,20,0.995239,0.040116,"us/op",10
"benchmarks.arrayList.Remove.removeFirst:·gc.alloc.rate","avgt",1,20,340.285558,12.810318,"MB/sec",10
"benchmarks.arrayList.Remove.removeFirst:·gc.alloc.rate.norm","avgt",1,20,616.001186,0.002662,"B/op",10
"benchmarks.arrayList.Remove.removeFirst:·gc.churn.PS_Eden_Space","avgt",1,20,340.202074,29.557391,"MB/sec",10
"benchmarks.arrayList.Remove.removeFirst:·gc.churn.PS_Eden_Space.norm","avgt",1,20,615.990029,48.657104,"B/op",10
"benchmarks.arrayList.Remove.removeFirst:·gc.churn.PS_Survivor_Space","avgt",1,20,0.048922,0.038137,"MB/sec",10
"benchmarks.arrayList.Remove.removeFirst:·gc.churn.PS_Survivor_Space.norm","avgt",1,20,0.088968,0.068408,"B/op",10
"benchmarks.arrayList.Remove.removeFirst:·gc.count","avgt",1,20,128.000000,NaN,"counts",10
"benchmarks.arrayList.Remove.removeFirst:·gc.time","avgt",1,20,135.000000,NaN,"ms",10
"benchmarks.arrayList.Remove.removeFirst","avgt",1,20,1.784442,0.081556,"us/op",15
"benchmarks.arrayList.Remove.removeFirst:·gc.alloc.rate","avgt",1,20,350.384448,16.266214,"MB/sec",15
"benchmarks.arrayList.Remove.removeFirst:·gc.alloc.rate.norm","avgt",1,20,1088.002006,0.004450,"B/op",15
"benchmarks.arrayList.Remove.removeFirst:·gc.churn.PS_Eden_Space","avgt",1,20,350.448973,58.893078,"MB/sec",15
"benchmarks.arrayList.Remove.removeFirst:·gc.churn.PS_Eden_Space.norm","avgt",1,20,1089.058321,174.452721,"B/op",15
"benchmarks.arrayList.Remove.removeFirst:·gc.churn.PS_Survivor_Space","avgt",1,20,0.041639,0.023466,"MB/sec",15
"benchmarks.arrayList.Remove.removeFirst:·gc.churn.PS_Survivor_Space.norm","avgt",1,20,0.129143,0.072542,"B/op",15
"benchmarks.arrayList.Remove.removeFirst:·gc.count","avgt",1,20,133.000000,NaN,"counts",15
"benchmarks.arrayList.Remove.removeFirst:·gc.time","avgt",1,20,112.000000,NaN,"ms",15
"benchmarks.arrayList.Remove.removeFirst","avgt",1,20,3.427546,0.264272,"us/op",25
"benchmarks.arrayList.Remove.removeFirst:·gc.alloc.rate","avgt",1,20,405.093427,28.616471,"MB/sec",25
"benchmarks.arrayList.Remove.removeFirst:·gc.alloc.rate.norm","avgt",1,20,2328.003831,0.008640,"B/op",25
"benchmarks.arrayList.Remove.removeFirst:·gc.churn.PS_Eden_Space","avgt",1,20,404.680135,30.737225,"MB/sec",25
"benchmarks.arrayList.Remove.removeFirst:·gc.churn.PS_Eden_Space.norm","avgt",1,20,2325.907025,71.730136,"B/op",25
"benchmarks.arrayList.Remove.removeFirst:·gc.churn.PS_Survivor_Space","avgt",1,20,0.073902,0.030742,"MB/sec",25
"benchmarks.arrayList.Remove.removeFirst:·gc.churn.PS_Survivor_Space.norm","avgt",1,20,0.429630,0.187051,"B/op",25
"benchmarks.arrayList.Remove.removeFirst:·gc.count","avgt",1,20,229.000000,NaN,"counts",25
"benchmarks.arrayList.Remove.removeFirst:·gc.time","avgt",1,20,183.000000,NaN,"ms",25
"benchmarks.arrayList.Remove.removeFirst","avgt",1,20,9.404912,0.381210,"us/op",50
"benchmarks.arrayList.Remove.removeFirst:·gc.alloc.rate","avgt",1,20,466.906087,18.013704,"MB/sec",50
"benchmarks.arrayList.Remove.removeFirst:·gc.alloc.rate.norm","avgt",1,20,7176.010051,0.022463,"B/op",50
"benchmarks.arrayList.Remove.removeFirst:·gc.churn.PS_Eden_Space","avgt",1,20,467.059787,26.398363,"MB/sec",50
"benchmarks.arrayList.Remove.removeFirst:·gc.churn.PS_Eden_Space.norm","avgt",1,20,7176.096665,248.858156,"B/op",50
"benchmarks.arrayList.Remove.removeFirst:·gc.churn.PS_Survivor_Space","avgt",1,20,0.058297,0.021636,"MB/sec",50
"benchmarks.arrayList.Remove.removeFirst:·gc.churn.PS_Survivor_Space.norm","avgt",1,20,0.895535,0.334304,"B/op",50
"benchmarks.arrayList.Remove.removeFirst:·gc.count","avgt",1,20,204.000000,NaN,"counts",50
"benchmarks.arrayList.Remove.removeFirst:·gc.time","avgt",1,20,172.000000,NaN,"ms",50
"benchmarks.arrayList.Remove.removeFirst","avgt",1,20,37.390651,2.090125,"us/op",100
"benchmarks.arrayList.Remove.removeFirst:·gc.alloc.rate","avgt",1,20,409.758085,19.960969,"MB/sec",100
"benchmarks.arrayList.Remove.removeFirst:·gc.alloc.rate.norm","avgt",1,20,24376.045199,0.112486,"B/op",100
"benchmarks.arrayList.Remove.removeFirst:·gc.churn.PS_Eden_Space","avgt",1,20,414.494288,25.400803,"MB/sec",100
"benchmarks.arrayList.Remove.removeFirst:·gc.churn.PS_Eden_Space.norm","avgt",1,20,24671.165963,1173.206610,"B/op",100
"benchmarks.arrayList.Remove.removeFirst:·gc.churn.PS_Survivor_Space","avgt",1,20,0.057255,0.024096,"MB/sec",100
"benchmarks.arrayList.Remove.removeFirst:·gc.churn.PS_Survivor_Space.norm","avgt",1,20,3.421145,1.467211,"B/op",100
"benchmarks.arrayList.Remove.removeFirst:·gc.count","avgt",1,20,178.000000,NaN,"counts",100
"benchmarks.arrayList.Remove.removeFirst:·gc.time","avgt",1,20,154.000000,NaN,"ms",100
"benchmarks.arrayList.Remove.removeFirst","avgt",1,20,2508.987968,140.594271,"us/op",1000
"benchmarks.arrayList.Remove.removeFirst:·gc.alloc.rate","avgt",1,20,518.699467,26.615467,"MB/sec",1000
"benchmarks.arrayList.Remove.removeFirst:·gc.alloc.rate.norm","avgt",1,20,2043978.856582,5.707214,"B/op",1000
"benchmarks.arrayList.Remove.removeFirst:·gc.churn.PS_Eden_Space","avgt",1,20,529.357031,56.743423,"MB/sec",1000
"benchmarks.arrayList.Remove.removeFirst:·gc.churn.PS_Eden_Space.norm","avgt",1,20,2084079.440918,177911.112459,"B/op",1000
"benchmarks.arrayList.Remove.removeFirst:·gc.churn.PS_Survivor_Space","avgt",1,20,0.063437,0.029594,"MB/sec",1000
"benchmarks.arrayList.Remove.removeFirst:·gc.churn.PS_Survivor_Space.norm","avgt",1,20,254.483742,126.024115,"B/op",1000
"benchmarks.arrayList.Remove.removeFirst:·gc.count","avgt",1,20,181.000000,NaN,"counts",1000
"benchmarks.arrayList.Remove.removeFirst:·gc.time","avgt",1,20,141.000000,NaN,"ms",1000
"benchmarks.arrayList.Remove.removeFirstRemoveLast","avgt",1,20,0.099155,0.005391,"us/op",1
"benchmarks.arrayList.Remove.removeFirstRemoveLast:·gc.alloc.rate","avgt",1,20,142.165570,7.804188,"MB/sec",1
"benchmarks.arrayList.Remove.removeFirstRemoveLast:·gc.alloc.rate.norm","avgt",1,20,48.000219,0.000486,"B/op",1
"benchmarks.arrayList.Remove.removeFirstRemoveLast:·gc.churn.PS_Eden_Space","avgt",1,20,145.567503,27.882625,"MB/sec",1
"benchmarks.arrayList.Remove.removeFirstRemoveLast:·gc.churn.PS_Eden_Space.norm","avgt",1,20,49.175380,9.008849,"B/op",1
"benchmarks.arrayList.Remove.removeFirstRemoveLast:·gc.churn.PS_Survivor_Space","avgt",1,20,0.031230,0.020740,"MB/sec",1
"benchmarks.arrayList.Remove.removeFirstRemoveLast:·gc.churn.PS_Survivor_Space.norm","avgt",1,20,0.010542,0.006835,"B/op",1
"benchmarks.arrayList.Remove.removeFirstRemoveLast:·gc.count","avgt",1,20,62.000000,NaN,"counts",1
"benchmarks.arrayList.Remove.removeFirstRemoveLast:·gc.time","avgt",1,20,53.000000,NaN,"ms",1
"benchmarks.arrayList.Remove.removeFirstRemoveLast","avgt",1,20,0.128793,0.003373,"us/op",3
"benchmarks.arrayList.Remove.removeFirstRemoveLast:·gc.alloc.rate","avgt",1,20,323.692676,7.833435,"MB/sec",3
"benchmarks.arrayList.Remove.removeFirstRemoveLast:·gc.alloc.rate.norm","avgt",1,20,128.000265,0.000606,"B/op",3
"benchmarks.arrayList.Remove.removeFirstRemoveLast:·gc.churn.PS_Eden_Space","avgt",1,20,324.201899,16.744118,"MB/sec",3
"benchmarks.arrayList.Remove.removeFirstRemoveLast:·gc.churn.PS_Eden_Space.norm","avgt",1,20,128.213932,5.931693,"B/op",3
"benchmarks.arrayList.Remove.removeFirstRemoveLast:·gc.churn.PS_Survivor_Space","avgt",1,20,0.049966,0.022259,"MB/sec",3
"benchmarks.arrayList.Remove.removeFirstRemoveLast:·gc.churn.PS_Survivor_Space.norm","avgt",1,20,0.019882,0.009190,"B/op",3
"benchmarks.arrayList.Remove.removeFirstRemoveLast:·gc.count","avgt",1,20,184.000000,NaN,"counts",3
"benchmarks.arrayList.Remove.removeFirstRemoveLast:·gc.time","avgt",1,20,161.000000,NaN,"ms",3
"benchmarks.arrayList.Remove.removeFirstRemoveLast","avgt",1,20,0.299699,0.031632,"us/op",6
"benchmarks.arrayList.Remove.removeFirstRemoveLast:·gc.alloc.rate","avgt",1,20,546.932896,44.893176,"MB/sec",6
"benchmarks.arrayList.Remove.removeFirstRemoveLast:·gc.alloc.rate.norm","avgt",1,20,376.000472,0.001089,"B/op",6
"benchmarks.arrayList.Remove.removeFirstRemoveLast:·gc.churn.PS_Eden_Space","avgt",1,20,542.094545,61.430343,"MB/sec",6
"benchmarks.arrayList.Remove.removeFirstRemoveLast:·gc.churn.PS_Eden_Space.norm","avgt",1,20,371.777270,21.251382,"B/op",6
"benchmarks.arrayList.Remove.removeFirstRemoveLast:·gc.churn.PS_Survivor_Space","avgt",1,20,0.058300,0.029099,"MB/sec",6
"benchmarks.arrayList.Remove.removeFirstRemoveLast:·gc.churn.PS_Survivor_Space.norm","avgt",1,20,0.039584,0.019027,"B/op",6
"benchmarks.arrayList.Remove.removeFirstRemoveLast:·gc.count","avgt",1,20,170.000000,NaN,"counts",6
"benchmarks.arrayList.Remove.removeFirstRemoveLast:·gc.time","avgt",1,20,142.000000,NaN,"ms",6
"benchmarks.arrayList.Remove.removeFirstRemoveLast","avgt",1,20,0.556974,0.017144,"us/op",10
"benchmarks.arrayList.Remove.removeFirstRemoveLast:·gc.alloc.rate","avgt",1,20,661.635219,18.766958,"MB/sec",10
"benchmarks.arrayList.Remove.removeFirstRemoveLast:·gc.alloc.rate.norm","avgt",1,20,744.000737,0.001658,"B/op",10
"benchmarks.arrayList.Remove.removeFirstRemoveLast:·gc.churn.PS_Eden_Space","avgt",1,20,656.153035,27.267187,"MB/sec",10
"benchmarks.arrayList.Remove.removeFirstRemoveLast:·gc.churn.PS_Eden_Space.norm","avgt",1,20,738.154856,29.435718,"B/op",10
"benchmarks.arrayList.Remove.removeFirstRemoveLast:·gc.churn.PS_Survivor_Space","avgt",1,20,0.063497,0.023080,"MB/sec",10
"benchmarks.arrayList.Remove.removeFirstRemoveLast:·gc.churn.PS_Survivor_Space.norm","avgt",1,20,0.071122,0.025025,"B/op",10
"benchmarks.arrayList.Remove.removeFirstRemoveLast:·gc.count","avgt",1,20,224.000000,NaN,"counts",10
"benchmarks.arrayList.Remove.removeFirstRemoveLast:·gc.time","avgt",1,20,184.000000,NaN,"ms",10
"benchmarks.arrayList.Remove.removeFirstRemoveLast","avgt",1,20,1.008877,0.018774,"us/op",15
"benchmarks.arrayList.Remove.removeFirstRemoveLast:·gc.alloc.rate","avgt",1,20,686.458494,12.100769,"MB/sec",15
"benchmarks.arrayList.Remove.removeFirstRemoveLast:·gc.alloc.rate.norm","avgt",1,20,1280.001267,0.002928,"B/op",15
"benchmarks.arrayList.Remove.removeFirstRemoveLast:·gc.churn.PS_Eden_Space","avgt",1,20,690.309123,36.240156,"MB/sec",15
"benchmarks.arrayList.Remove.removeFirstRemoveLast:·gc.churn.PS_Eden_Space.norm","avgt",1,20,1287.815360,72.849919,"B/op",15
"benchmarks.arrayList.Remove.removeFirstRemoveLast:·gc.churn.PS_Survivor_Space","avgt",1,20,0.059335,0.021374,"MB/sec",15
"benchmarks.arrayList.Remove.removeFirstRemoveLast:·gc.churn.PS_Survivor_Space.norm","avgt",1,20,0.110579,0.039385,"B/op",15
"benchmarks.arrayList.Remove.removeFirstRemoveLast:·gc.count","avgt",1,20,178.000000,NaN,"counts",15
"benchmarks.arrayList.Remove.removeFirstRemoveLast:·gc.time","avgt",1,20,158.000000,NaN,"ms",15
"benchmarks.arrayList.Remove.removeFirstRemoveLast","avgt",1,20,2.316107,0.204529,"us/op",25
"benchmarks.arrayList.Remove.removeFirstRemoveLast:·gc.alloc.rate","avgt",1,20,677.257220,50.261950,"MB/sec",25
"benchmarks.arrayList.Remove.removeFirstRemoveLast:·gc.alloc.rate.norm","avgt",1,20,2680.002645,0.005989,"B/op",25
"benchmarks.arrayList.Remove.removeFirstRemoveLast:·gc.churn.PS_Eden_Space","avgt",1,20,675.755037,60.527521,"MB/sec",25
"benchmarks.arrayList.Remove.removeFirstRemoveLast:·gc.churn.PS_Eden_Space.norm","avgt",1,20,2678.666291,185.154437,"B/op",25
"benchmarks.arrayList.Remove.removeFirstRemoveLast:·gc.churn.PS_Survivor_Space","avgt",1,20,0.060367,0.022625,"MB/sec",25
"benchmarks.arrayList.Remove.removeFirstRemoveLast:·gc.churn.PS_Survivor_Space.norm","avgt",1,20,0.240827,0.090408,"B/op",25
"benchmarks.arrayList.Remove.removeFirstRemoveLast:·gc.count","avgt",1,20,170.000000,NaN,"counts",25
"benchmarks.arrayList.Remove.removeFirstRemoveLast:·gc.time","avgt",1,20,159.000000,NaN,"ms",25
"benchmarks.arrayList.Remove.removeFirstRemoveLast","avgt",1,20,9.627833,0.582830,"us/op",50
"benchmarks.arrayList.Remove.removeFirstRemoveLast:·gc.alloc.rate","avgt",1,20,458.209332,24.883198,"MB/sec",50
"benchmarks.arrayList.Remove.removeFirstRemoveLast:·gc.alloc.rate.norm","avgt",1,20,7176.010266,0.022950,"B/op",50
"benchmarks.arrayList.Remove.removeFirstRemoveLast:·gc.churn.PS_Eden_Space","avgt",1,20,463.850395,55.379082,"MB/sec",50
"benchmarks.arrayList.Remove.removeFirstRemoveLast:·gc.churn.PS_Eden_Space.norm","avgt",1,20,7248.965498,642.055930,"B/op",50
"benchmarks.arrayList.Remove.removeFirstRemoveLast:·gc.churn.PS_Survivor_Space","avgt",1,20,0.040604,0.018058,"MB/sec",50
"benchmarks.arrayList.Remove.removeFirstRemoveLast:·gc.churn.PS_Survivor_Space.norm","avgt",1,20,0.638295,0.291951,"B/op",50
"benchmarks.arrayList.Remove.removeFirstRemoveLast:·gc.count","avgt",1,20,143.000000,NaN,"counts",50
"benchmarks.arrayList.Remove.removeFirstRemoveLast:·gc.time","avgt",1,20,134.000000,NaN,"ms",50
"benchmarks.arrayList.Remove.removeFirstRemoveLast","avgt",1,20,32.665472,2.636943,"us/op",100
"benchmarks.arrayList.Remove.removeFirstRemoveLast:·gc.alloc.rate","avgt",1,20,498.556911,36.447471,"MB/sec",100
"benchmarks.arrayList.Remove.removeFirstRemoveLast:·gc.alloc.rate.norm","avgt",1,20,25944.038830,0.095064,"B/op",100
"benchmarks.arrayList.Remove.removeFirstRemoveLast:·gc.churn.PS_Eden_Space","avgt",1,20,495.481390,39.455983,"MB/sec",100
"benchmarks.arrayList.Remove.removeFirstRemoveLast:·gc.churn.PS_Eden_Space.norm","avgt",1,20,25821.246164,1409.414896,"B/op",100
"benchmarks.arrayList.Remove.removeFirstRemoveLast:·gc.churn.PS_Survivor_Space","avgt",1,20,0.068710,0.028192,"MB/sec",100
"benchmarks.arrayList.Remove.removeFirstRemoveLast:·gc.churn.PS_Survivor_Space.norm","avgt",1,20,3.590672,1.479692,"B/op",100
"benchmarks.arrayList.Remove.removeFirstRemoveLast:·gc.count","avgt",1,20,190.000000,NaN,"counts",100
"benchmarks.arrayList.Remove.removeFirstRemoveLast:·gc.time","avgt",1,20,168.000000,NaN,"ms",100
"benchmarks.arrayList.Remove.removeFirstRemoveLast","avgt",1,20,3513.203387,242.547878,"us/op",1000
"benchmarks.arrayList.Remove.removeFirstRemoveLast:·gc.alloc.rate","avgt",1,20,374.383296,24.336260,"MB/sec",1000
"benchmarks.arrayList.Remove.removeFirstRemoveLast:·gc.alloc.rate.norm","avgt",1,20,2059947.988557,7.935121,"B/op",1000
"benchmarks.arrayList.Remove.removeFirstRemoveLast:·gc.churn.PS_Eden_Space","avgt",1,20,376.872952,31.897051,"MB/sec",1000
"benchmarks.arrayList.Remove.removeFirstRemoveLast:·gc.churn.PS_Eden_Space.norm","avgt",1,20,2075068.469863,138436.045459,"B/op",1000
"benchmarks.arrayList.Remove.removeFirstRemoveLast:·gc.churn.PS_Survivor_Space","avgt",1,20,0.060308,0.024104,"MB/sec",1000
"benchmarks.arrayList.Remove.removeFirstRemoveLast:·gc.churn.PS_Survivor_Space.norm","avgt",1,20,330.312432,126.675441,"B/op",1000
"benchmarks.arrayList.Remove.removeFirstRemoveLast:·gc.count","avgt",1,20,198.000000,NaN,"counts",1000
"benchmarks.arrayList.Remove.removeFirstRemoveLast:·gc.time","avgt",1,20,161.000000,NaN,"ms",1000
"benchmarks.arrayList.Remove.removeLast","avgt",1,20,0.097850,0.004115,"us/op",1
"benchmarks.arrayList.Remove.removeLast:·gc.alloc.rate","avgt",1,20,142.212294,5.759906,"MB/sec",1
"benchmarks.arrayList.Remove.removeLast:·gc.alloc.rate.norm","avgt",1,20,48.000234,0.000548,"B/op",1
"benchmarks.arrayList.Remove.removeLast:·gc.churn.PS_Eden_Space","avgt",1,20,140.580019,12.259010,"MB/sec",1
"benchmarks.arrayList.Remove.removeLast:·gc.churn.PS_Eden_Space.norm","avgt",1,20,47.403458,3.228959,"B/op",1
"benchmarks.arrayList.Remove.removeLast:·gc.churn.PS_Survivor_Space","avgt",1,20,0.042681,0.014925,"MB/sec",1
"benchmarks.arrayList.Remove.removeLast:·gc.churn.PS_Survivor_Space.norm","avgt",1,20,0.014356,0.004821,"B/op",1
"benchmarks.arrayList.Remove.removeLast:·gc.count","avgt",1,20,137.000000,NaN,"counts",1
"benchmarks.arrayList.Remove.removeLast:·gc.time","avgt",1,20,118.000000,NaN,"ms",1
"benchmarks.arrayList.Remove.removeLast","avgt",1,20,0.149822,0.001119,"us/op",3
"benchmarks.arrayList.Remove.removeLast:·gc.alloc.rate","avgt",1,20,377.791655,2.409149,"MB/sec",3
"benchmarks.arrayList.Remove.removeLast:·gc.alloc.rate.norm","avgt",1,20,160.000280,0.000633,"B/op",3
"benchmarks.arrayList.Remove.removeLast:·gc.churn.PS_Eden_Space","avgt",1,20,380.769040,17.888920,"MB/sec",3
"benchmarks.arrayList.Remove.removeLast:·gc.churn.PS_Eden_Space.norm","avgt",1,20,161.249248,7.253335,"B/op",3
"benchmarks.arrayList.Remove.removeLast:·gc.churn.PS_Survivor_Space","avgt",1,20,0.088486,0.038405,"MB/sec",3
"benchmarks.arrayList.Remove.removeLast:·gc.churn.PS_Survivor_Space.norm","avgt",1,20,0.037552,0.016416,"B/op",3
"benchmarks.arrayList.Remove.removeLast:·gc.count","avgt",1,20,229.000000,NaN,"counts",3
"benchmarks.arrayList.Remove.removeLast:·gc.time","avgt",1,20,158.000000,NaN,"ms",3
"benchmarks.arrayList.Remove.removeLast","avgt",1,20,0.309970,0.001120,"us/op",6
"benchmarks.arrayList.Remove.removeLast:·gc.alloc.rate","avgt",1,20,637.586381,1.749812,"MB/sec",6
"benchmarks.arrayList.Remove.removeLast:·gc.alloc.rate.norm","avgt",1,20,440.000459,0.001041,"B/op",6
"benchmarks.arrayList.Remove.removeLast:·gc.churn.PS_Eden_Space","avgt",1,20,639.065641,12.182385,"MB/sec",6
"benchmarks.arrayList.Remove.removeLast:·gc.churn.PS_Eden_Space.norm","avgt",1,20,441.020321,8.280105,"B/op",6
"benchmarks.arrayList.Remove.removeLast:·gc.churn.PS_Survivor_Space","avgt",1,20,0.097860,0.028193,"MB/sec",6
"benchmarks.arrayList.Remove.removeLast:·gc.churn.PS_Survivor_Space.norm","avgt",1,20,0.067532,0.019465,"B/op",6
"benchmarks.arrayList.Remove.removeLast:·gc.count","avgt",1,20,293.000000,NaN,"counts",6
"benchmarks.arrayList.Remove.removeLast:·gc.time","avgt",1,20,199.000000,NaN,"ms",6
"benchmarks.arrayList.Remove.removeLast","avgt",1,20,0.614633,0.002359,"us/op",10
"benchmarks.arrayList.Remove.removeLast:·gc.alloc.rate","avgt",1,20,731.870685,2.507310,"MB/sec",10
"benchmarks.arrayList.Remove.removeLast:·gc.alloc.rate.norm","avgt",1,20,872.000788,0.001786,"B/op",10
"benchmarks.arrayList.Remove.removeLast:·gc.churn.PS_Eden_Space","avgt",1,20,731.027812,19.305960,"MB/sec",10
"benchmarks.arrayList.Remove.removeLast:·gc.churn.PS_Eden_Space.norm","avgt",1,20,870.970147,21.990373,"B/op",10
"benchmarks.arrayList.Remove.removeLast:·gc.churn.PS_Survivor_Space","avgt",1,20,0.109303,0.024794,"MB/sec",10
"benchmarks.arrayList.Remove.removeLast:·gc.churn.PS_Survivor_Space.norm","avgt",1,20,0.130210,0.029473,"B/op",10
"benchmarks.arrayList.Remove.removeLast:·gc.count","avgt",1,20,293.000000,NaN,"counts",10
"benchmarks.arrayList.Remove.removeLast:·gc.time","avgt",1,20,198.000000,NaN,"ms",10
"benchmarks.arrayList.Remove.removeLast","avgt",1,20,1.155591,0.003956,"us/op",15
"benchmarks.arrayList.Remove.removeLast:·gc.alloc.rate","avgt",1,20,725.542380,2.608847,"MB/sec",15
"benchmarks.arrayList.Remove.removeLast:·gc.alloc.rate.norm","avgt",1,20,1504.001367,0.003089,"B/op",15
"benchmarks.arrayList.Remove.removeLast:·gc.churn.PS_Eden_Space","avgt",1,20,725.249757,17.859311,"MB/sec",15
"benchmarks.arrayList.Remove.removeLast:·gc.churn.PS_Eden_Space.norm","avgt",1,20,1503.476295,39.221255,"B/op",15
"benchmarks.arrayList.Remove.removeLast:·gc.churn.PS_Survivor_Space","avgt",1,20,0.096817,0.034830,"MB/sec",15
"benchmarks.arrayList.Remove.removeLast:·gc.churn.PS_Survivor_Space.norm","avgt",1,20,0.200750,0.072311,"B/op",15
"benchmarks.arrayList.Remove.removeLast:·gc.count","avgt",1,20,294.000000,NaN,"counts",15
"benchmarks.arrayList.Remove.removeLast:·gc.time","avgt",1,20,200.000000,NaN,"ms",15
"benchmarks.arrayList.Remove.removeLast","avgt",1,20,2.708861,0.007856,"us/op",25
"benchmarks.arrayList.Remove.removeLast:·gc.alloc.rate","avgt",1,20,669.347480,1.885046,"MB/sec",25
"benchmarks.arrayList.Remove.removeLast:·gc.alloc.rate.norm","avgt",1,20,3064.003029,0.006824,"B/op",25
"benchmarks.arrayList.Remove.removeLast:·gc.churn.PS_Eden_Space","avgt",1,20,669.449451,19.213354,"MB/sec",25
"benchmarks.arrayList.Remove.removeLast:·gc.churn.PS_Eden_Space.norm","avgt",1,20,3064.426099,86.240396,"B/op",25
"benchmarks.arrayList.Remove.removeLast:·gc.churn.PS_Survivor_Space","avgt",1,20,0.089539,0.034258,"MB/sec",25
"benchmarks.arrayList.Remove.removeLast:·gc.churn.PS_Survivor_Space.norm","avgt",1,20,0.409835,0.157057,"B/op",25
"benchmarks.arrayList.Remove.removeLast:·gc.count","avgt",1,20,295.000000,NaN,"counts",25
"benchmarks.arrayList.Remove.removeLast:·gc.time","avgt",1,20,199.000000,NaN,"ms",25
"benchmarks.arrayList.Remove.removeLast","avgt",1,20,9.602727,0.037201,"us/op",50
"benchmarks.arrayList.Remove.removeLast:·gc.alloc.rate","avgt",1,20,559.022121,2.115486,"MB/sec",50
"benchmarks.arrayList.Remove.removeLast:·gc.alloc.rate.norm","avgt",1,20,8712.010330,0.023442,"B/op",50
"benchmarks.arrayList.Remove.removeLast:·gc.churn.PS_Eden_Space","avgt",1,20,561.456087,22.215894,"MB/sec",50
"benchmarks.arrayList.Remove.removeLast:·gc.churn.PS_Eden_Space.norm","avgt",1,20,8750.207067,349.710913,"B/op",50
"benchmarks.arrayList.Remove.removeLast:·gc.churn.PS_Survivor_Space","avgt",1,20,0.077043,0.024957,"MB/sec",50
"benchmarks.arrayList.Remove.removeLast:·gc.churn.PS_Survivor_Space.norm","avgt",1,20,1.201488,0.390829,"B/op",50
"benchmarks.arrayList.Remove.removeLast:·gc.count","avgt",1,20,293.000000,NaN,"counts",50
"benchmarks.arrayList.Remove.removeLast:·gc.time","avgt",1,20,196.000000,NaN,"ms",50
"benchmarks.arrayList.Remove.removeLast","avgt",1,20,34.966686,0.234010,"us/op",100
"benchmarks.arrayList.Remove.removeLast:·gc.alloc.rate","avgt",1,20,491.373719,3.308321,"MB/sec",100
"benchmarks.arrayList.Remove.removeLast:·gc.alloc.rate.norm","avgt",1,20,27512.036974,0.083409,"B/op",100
"benchmarks.arrayList.Remove.removeLast:·gc.churn.PS_Eden_Space","avgt",1,20,490.780931,18.897436,"MB/sec",100
"benchmarks.arrayList.Remove.removeLast:·gc.churn.PS_Eden_Space.norm","avgt",1,20,27479.745009,1055.835378,"B/op",100
"benchmarks.arrayList.Remove.removeLast:·gc.churn.PS_Survivor_Space","avgt",1,20,0.095785,0.030145,"MB/sec",100
"benchmarks.arrayList.Remove.removeLast:·gc.churn.PS_Survivor_Space.norm","avgt",1,20,5.368635,1.703804,"B/op",100
"benchmarks.arrayList.Remove.removeLast:·gc.count","avgt",1,20,262.000000,NaN,"counts",100
"benchmarks.arrayList.Remove.removeLast:·gc.time","avgt",1,20,182.000000,NaN,"ms",100
"benchmarks.arrayList.Remove.removeLast","avgt",1,20,3793.103545,17.251980,"us/op",1000
"benchmarks.arrayList.Remove.removeLast:·gc.alloc.rate","avgt",1,20,347.570114,1.589634,"MB/sec",1000
"benchmarks.arrayList.Remove.removeLast:·gc.alloc.rate.norm","avgt",1,20,2075916.433501,8.952562,"B/op",1000
"benchmarks.arrayList.Remove.removeLast:·gc.churn.PS_Eden_Space","avgt",1,20,348.210040,10.229249,"MB/sec",1000
"benchmarks.arrayList.Remove.removeLast:·gc.churn.PS_Eden_Space.norm","avgt",1,20,2079877.326098,64058.455852,"B/op",1000
"benchmarks.arrayList.Remove.removeLast:·gc.churn.PS_Survivor_Space","avgt",1,20,0.096701,0.028850,"MB/sec",1000
"benchmarks.arrayList.Remove.removeLast:·gc.churn.PS_Survivor_Space.norm","avgt",1,20,577.673665,172.390055,"B/op",1000
"benchmarks.arrayList.Remove.removeLast:·gc.count","avgt",1,20,288.000000,NaN,"counts",1000
"benchmarks.arrayList.Remove.removeLast:·gc.time","avgt",1,20,194.000000,NaN,"ms",1000
